SubmitTime,AcceptTime,HITId,AssignmentId,WorkerId,WorkerLocation,AssignmentStatus,AutoApprovalTime,duration,000000426166,000000576955,000000022892,000000577862,000000402433
2021-05-02 18:54:26+09:00,2021-05-02 18:52:57+09:00,3OZ4VAIBEYUBWQK2EMHPGSIK985JVM,3018Q3ZVOK5BPAYA1Y44AGLOKLBRAH,A3B9OZQTE4US3T,US,Submitted,2021-05-05 18:54:26+09:00,0:01:29,"[[9, 4], [9, 8], [8, 7], [7, 7], [7, 6], [8, 6], [8, 5], [8, 4], [8, 3], [9, 5]]","[[7, 12], [8, 13], [7, 13], [6, 13], [5, 12], [6, 12], [4, 12], [5, 13], [9, 12], [9, 13]]","[[2, 13], [2, 12], [1, 10], [2, 10], [1, 9], [2, 9], [3, 9], [3, 10], [4, 10], [4, 9]]","[[1, 17], [2, 17], [3, 17], [2, 18], [3, 18], [2, 16], [1, 16], [1, 15], [2, 14], [2, 13]]","[[12, 8], [12, 6], [11, 7], [10, 7], [9, 7], [9, 5], [10, 5], [11, 5], [10, 6], [9, 6]]"
2021-05-02 18:55:08+09:00,2021-05-02 18:53:20+09:00,3OZ4VAIBEYUBWQK2EMHPGSIK985JVM,3GNCZX450K2QDXIVO60F5LL9J3NPAN,A17ZMF7GGP6HKO,US,Submitted,2021-05-05 18:55:08+09:00,0:01:48,"[[9, 5], [9, 4], [8, 4], [8, 5], [8, 7], [7, 7], [6, 7], [8, 8], [9, 8], [9, 7]]","[[10, 9], [9, 11], [4, 12], [5, 12], [5, 11], [11, 13], [11, 12], [7, 9], [7, 10], [8, 9]]","[[4, 11], [3, 11], [4, 10], [3, 10], [3, 9], [4, 9], [2, 9], [2, 10], [2, 8], [3, 8]]","[[2, 17], [1, 17], [1, 16], [2, 16], [3, 17], [3, 18], [2, 18], [4, 18], [1, 18], [2, 19]]","[[6, 5], [6, 6], [7, 7], [12, 14], [13, 14], [12, 13], [8, 8], [7, 6], [7, 5], [7, 4]]"
2021-05-02 18:55:19+09:00,2021-05-02 18:54:33+09:00,3OZ4VAIBEYUBWQK2EMHPGSIK985JVM,3A1PQ49WVJW26S779AZHLBQFTI7H1M,A1WKF2VH7TV0H2,US,Submitted,2021-05-05 18:55:19+09:00,0:00:46,"[[8, 4], [9, 5], [8, 5], [9, 4], [8, 3], [9, 3], [9, 6], [8, 6], [7, 6], [7, 7]]","[[6, 13], [8, 13], [8, 10], [7, 12], [6, 12], [7, 13], [9, 12], [5, 12], [5, 13], [9, 13]]","[[3, 14], [2, 11], [1, 11], [2, 10], [1, 10], [1, 9], [2, 9], [3, 9], [3, 8], [2, 8]]","[[2, 13], [3, 12], [3, 13], [1, 13], [1, 12], [3, 11], [4, 11], [2, 11], [5, 12], [4, 12]]","[[8, 10], [10, 7], [11, 10], [10, 13], [9, 12], [7, 9], [8, 7], [11, 7], [11, 11], [9, 9]]"
2021-05-02 18:56:22+09:00,2021-05-02 18:54:42+09:00,3OZ4VAIBEYUBWQK2EMHPGSIK985JVM,3C44YUNSI34OB4L78GRHVMTF46KPDP,A34CPKFZXBX1PO,US,Submitted,2021-05-05 18:56:22+09:00,0:01:40,"[[9, 5], [8, 4], [8, 5], [8, 6], [8, 7], [8, 8], [7, 8], [7, 7], [7, 6], [6, 7]]","[[6, 12], [5, 12], [4, 12], [4, 13], [5, 13], [6, 13], [3, 12], [3, 13], [4, 11], [5, 11]]","[[4, 10], [4, 11], [3, 10], [3, 9], [2, 9], [2, 10], [1, 10], [1, 9], [3, 8], [4, 9]]","[[2, 17], [3, 17], [2, 16], [3, 18], [2, 18], [1, 17], [1, 18], [4, 18], [4, 17], [3, 19]]","[[12, 10], [14, 10], [13, 12], [13, 10], [11, 10], [10, 10], [10, 11], [11, 11], [11, 12], [10, 12]]"
2021-05-02 19:11:22+09:00,2021-05-02 19:08:54+09:00,3OZ4VAIBEYUBWQK2EMHPGSIK985JVM,3A1PQ49WVJW26S779AZHLBQFTI81H7,AJDHPRCJ985C7,US,Submitted,2021-05-05 19:11:22+09:00,0:02:28,"[[8, 7], [8, 6], [8, 5], [8, 4], [9, 4], [9, 5], [9, 8], [8, 8], [7, 8], [7, 7]]","[[7, 12], [8, 13], [7, 10], [8, 10], [9, 11], [7, 11], [6, 12], [6, 14], [4, 12], [5, 12]]","[[3, 11], [3, 10], [2, 10], [2, 11], [3, 12], [2, 12], [1, 11], [1, 12], [1, 10], [2, 9]]","[[4, 18], [5, 18], [6, 18], [3, 18], [3, 19], [2, 19], [6, 17], [7, 18], [1, 19], [4, 19]]","[[9, 7], [8, 6], [7, 6], [6, 6], [6, 7], [7, 7], [8, 7], [8, 8], [7, 8], [6, 8]]"
2021-05-02 19:14:17+09:00,2021-05-02 19:11:40+09:00,3OZ4VAIBEYUBWQK2EMHPGSIK985JVM,31T4R4OBOUVP06BTCY2PBUKCJC37C1,A31Z5TPD8QKE26,US,Submitted,2021-05-05 19:14:17+09:00,0:02:37,"[[8, 4], [8, 3], [8, 5], [8, 6], [8, 7], [8, 8], [8, 9], [7, 7], [6, 7], [6, 6]]","[[6, 12], [6, 13], [5, 13], [5, 12], [4, 12], [4, 13], [7, 12], [7, 13], [9, 14], [10, 14]]","[[2, 9], [3, 9], [4, 9], [4, 10], [3, 11], [3, 10], [4, 11], [2, 10], [2, 11], [3, 12]]","[[1, 14], [4, 10], [3, 11], [2, 11], [2, 12], [2, 13], [1, 13], [1, 15], [1, 17], [2, 18]]","[[7, 6], [7, 7], [7, 8], [8, 8], [7, 5], [7, 4], [6, 5], [6, 6], [6, 7], [6, 8]]"
2021-05-02 19:18:54+09:00,2021-05-02 19:17:12+09:00,3OZ4VAIBEYUBWQK2EMHPGSIK985JVM,3QAVNHZ3EOJ0MC3XWE78O4CPETNALB,A2RLOB9VH2XSRT,US,Submitted,2021-05-05 19:18:54+09:00,0:01:42,"[[6, 4], [8, 6], [8, 5], [8, 7], [8, 8], [7, 8], [7, 7], [7, 6], [7, 5], [6, 7]]","[[6, 12], [7, 12], [7, 11], [6, 11], [5, 13], [6, 13], [7, 13], [5, 12], [5, 11], [5, 10]]","[[5, 16], [4, 14], [5, 13], [6, 13], [6, 12], [4, 12], [4, 13], [4, 11], [5, 11], [5, 12]]","[[2, 17], [1, 17], [1, 15], [1, 16], [1, 13], [1, 14], [2, 12], [3, 11], [5, 11], [3, 12]]","[[9, 7], [10, 7], [10, 6], [10, 5], [9, 5], [9, 6], [9, 4], [10, 4], [9, 3], [10, 3]]"
2021-05-02 19:23:14+09:00,2021-05-02 19:21:40+09:00,3OZ4VAIBEYUBWQK2EMHPGSIK985JVM,3XIQGXAUMEND34MO3UYCP75MKUR7X3,A173A97OFDAX9F,US,Submitted,2021-05-05 19:23:14+09:00,0:01:34,"[[9, 4], [8, 4], [8, 5], [9, 5], [9, 6], [8, 6], [8, 7], [10, 7], [9, 7], [7, 6]]","[[6, 12], [6, 13], [5, 13], [5, 12], [4, 12], [4, 13], [4, 11], [6, 11], [8, 12], [7, 13]]","[[4, 13], [4, 14], [5, 13], [5, 14], [4, 12], [3, 12], [3, 13], [3, 11], [2, 12], [4, 11]]","[[3, 12], [2, 13], [2, 14], [1, 15], [1, 16], [2, 17], [3, 16], [2, 16], [3, 15], [1, 14]]","[[9, 5], [9, 9], [9, 8], [8, 8], [8, 9], [8, 10], [9, 10], [10, 10], [10, 9], [10, 8]]"
2021-05-02 19:30:18+09:00,2021-05-02 19:29:15+09:00,3OZ4VAIBEYUBWQK2EMHPGSIK985JVM,3RJSC4XJ129QJA2UCPU8I94FJHB05M,AMJDEMVSM0M9B,US,Submitted,2021-05-05 19:30:18+09:00,0:01:03,"[[4, 12], [3, 13], [5, 13], [6, 12], [4, 13], [9, 4], [9, 7], [8, 5], [8, 4], [7, 4]]","[[8, 11], [4, 14], [8, 13], [6, 12], [6, 14], [7, 11], [7, 12], [7, 13], [5, 12], [5, 11]]","[[5, 10], [3, 13], [5, 12], [3, 11], [3, 9], [3, 8], [1, 12], [3, 10], [4, 11], [7, 3]]","[[4, 10], [3, 12], [5, 12], [4, 11], [4, 13], [6, 10], [3, 10], [6, 9], [1, 12], [7, 12]]","[[5, 15], [8, 11], [5, 8], [3, 10], [10, 8], [11, 11], [9, 11], [10, 11], [9, 9], [9, 10]]"
2021-05-02 19:37:41+09:00,2021-05-02 19:35:57+09:00,3OZ4VAIBEYUBWQK2EMHPGSIK985JVM,36AHBNMV1TRIKID8Z3N08DMR8BODY8,AH7X1YWMNPEQ4,US,Submitted,2021-05-05 19:37:41+09:00,0:01:44,"[[8, 7], [8, 6], [7, 7], [7, 6], [6, 7], [8, 5], [8, 4], [9, 5], [9, 4], [8, 8]]","[[3, 11], [7, 3], [7, 4], [8, 4], [8, 3], [4, 11], [3, 10], [4, 10], [4, 12], [3, 12]]","[[2, 12], [3, 13], [3, 12], [2, 10], [2, 9], [3, 10], [3, 9], [4, 10], [3, 11], [4, 11]]","[[1, 14], [1, 16], [1, 15], [1, 17], [2, 17], [1, 18], [2, 18], [3, 18], [3, 17], [4, 18]]","[[8, 10], [6, 9], [6, 10], [7, 10], [7, 9], [6, 11], [7, 11], [8, 11], [8, 9], [7, 8]]"
2021-05-03 11:06:13+09:00,2021-05-03 11:05:14+09:00,3HJ1EVZS2PY8I51W2HKSZOCSS5LR34,3XLBSAQ9Z6R28ZM34CMXMSLXSW1Z78,A4J4GGMKJ68L0,US,Submitted,2021-05-06 11:06:13+09:00,0:00:59,"[[8, 4], [8, 3], [7, 3], [9, 4], [9, 5], [8, 5], [7, 5], [7, 6], [8, 6], [8, 7]]","[[4, 12], [5, 12], [6, 12], [4, 11], [3, 12], [4, 13], [5, 13], [6, 13], [7, 12], [7, 10]]","[[1, 11], [2, 11], [3, 11], [2, 12], [3, 12], [4, 12], [4, 11], [1, 10], [2, 10], [3, 10]]","[[1, 17], [1, 16], [2, 17], [2, 19], [2, 18], [1, 18], [3, 17], [3, 15], [2, 16], [3, 16]]","[[6, 6], [7, 6], [8, 6], [9, 7], [8, 9], [8, 10], [9, 11], [10, 8], [9, 9], [10, 10]]"
2021-05-03 11:06:31+09:00,2021-05-03 11:05:26+09:00,3HJ1EVZS2PY8I51W2HKSZOCSS5LR34,333U7HK6IBUSPTI9D3MXYQ73V9RJD0,ARPBDM5QZ4XQC,US,Submitted,2021-05-06 11:06:31+09:00,0:01:05,"[[8, 6], [7, 6], [7, 7], [7, 8], [6, 8], [6, 7], [6, 6], [9, 6], [9, 7], [8, 7]]","[[7, 11], [7, 12], [7, 13], [6, 13], [6, 12], [6, 11], [8, 11], [8, 12], [8, 13], [9, 13]]","[[6, 2], [6, 3], [6, 4], [6, 5], [5, 5], [5, 4], [5, 3], [7, 3], [7, 4], [7, 5]]","[[5, 8], [6, 8], [7, 8], [8, 8], [8, 7], [7, 7], [9, 7], [9, 8], [10, 7], [10, 8]]","[[3, 5], [3, 6], [3, 7], [3, 8], [3, 9], [3, 10], [3, 11], [4, 11], [4, 10], [4, 9]]"
2021-05-03 11:07:01+09:00,2021-05-03 11:06:13+09:00,3HJ1EVZS2PY8I51W2HKSZOCSS5LR34,3IX2EGZR7DYMQ31EV4HH3FO7AAIRJE,ARG392N6HWZCJ,US,Submitted,2021-05-06 11:07:01+09:00,0:00:48,"[[5, 7], [3, 8], [5, 12], [4, 13], [4, 10], [6, 10], [8, 10], [8, 13], [9, 5], [8, 5]]","[[8, 12], [6, 12], [4, 11], [3, 12], [2, 12], [3, 10], [3, 11], [6, 13], [6, 11], [6, 10]]","[[6, 3], [7, 2], [6, 2], [6, 1], [5, 13], [4, 13], [4, 12], [4, 10], [6, 12], [4, 11]]","[[6, 14], [6, 7], [4, 9], [4, 8], [5, 8], [5, 9], [3, 9], [3, 10], [2, 11], [3, 11]]","[[7, 4], [7, 7], [7, 9], [7, 6], [8, 6], [8, 7], [8, 8], [7, 8], [8, 9], [8, 5]]"
2021-05-03 11:07:10+09:00,2021-05-03 11:05:21+09:00,3HJ1EVZS2PY8I51W2HKSZOCSS5LR34,3HRMW88U185ORHN04OBUZBF15EDM0E,A1YZ0ETOCJO1B2,US,Submitted,2021-05-06 11:07:10+09:00,0:01:49,"[[7, 5], [7, 6], [8, 6], [7, 7], [8, 7], [6, 7], [6, 6], [8, 5], [8, 4], [7, 4]]","[[8, 12], [7, 12], [6, 12], [5, 13], [5, 12], [4, 12], [3, 12], [7, 11], [8, 11], [8, 13]]","[[5, 14], [3, 11], [2, 11], [2, 10], [1, 10], [2, 9], [3, 10], [4, 10], [4, 11], [4, 12]]","[[4, 11], [3, 12], [3, 11], [6, 18], [6, 17], [2, 12], [2, 11], [1, 12], [1, 13], [2, 13]]","[[6, 5], [7, 4], [7, 5], [7, 6], [6, 6], [6, 7], [6, 8], [7, 7], [7, 8], [7, 9]]"
2021-05-03 11:07:24+09:00,2021-05-03 11:05:44+09:00,3HJ1EVZS2PY8I51W2HKSZOCSS5LR34,3NS0A6KXC6NL1SX4XFQRS5YQRZKZGB,A19Z68L0RHQVWL,US,Submitted,2021-05-06 11:07:24+09:00,0:01:40,"[[8, 8], [9, 8], [8, 7], [8, 6], [8, 5], [8, 4], [9, 4], [8, 3], [9, 3], [7, 5]]","[[7, 12], [6, 13], [6, 12], [5, 12], [5, 11], [4, 12], [4, 13], [7, 13], [8, 13], [8, 11]]","[[1, 11], [2, 10], [2, 9], [1, 10], [3, 9], [4, 9], [4, 10], [3, 10], [4, 11], [3, 11]]","[[1, 14], [4, 11], [2, 14], [2, 12], [3, 12], [2, 17], [1, 16], [1, 17], [2, 18], [3, 17]]","[[5, 11], [9, 9], [9, 8], [10, 11], [9, 11], [8, 11], [8, 9], [8, 8], [8, 10], [9, 10]]"
2021-05-03 11:07:24+09:00,2021-05-03 11:05:25+09:00,3HJ1EVZS2PY8I51W2HKSZOCSS5LR34,39GAF6DQWTF7OT2REZGL0CHO1ZW1VE,ANBWJZYU2A68T,US,Submitted,2021-05-06 11:07:24+09:00,0:01:59,"[[9, 4], [8, 4], [8, 5], [8, 6], [8, 7], [7, 7], [7, 6], [7, 5], [6, 5], [7, 4]]","[[8, 11], [7, 12], [7, 11], [6, 12], [6, 10], [7, 10], [8, 12], [9, 10], [9, 11], [9, 12]]","[[4, 14], [4, 13], [4, 12], [3, 12], [2, 11], [3, 11], [2, 10], [3, 10], [4, 10], [4, 11]]","[[2, 14], [2, 13], [3, 14], [3, 13], [1, 15], [1, 16], [1, 17], [2, 17], [2, 18], [3, 18]]","[[8, 14], [9, 10], [9, 12], [9, 11], [10, 10], [8, 10], [8, 9], [8, 11], [7, 12], [9, 9]]"
2021-05-03 11:07:43+09:00,2021-05-03 11:06:16+09:00,3HJ1EVZS2PY8I51W2HKSZOCSS5LR34,3KXIR214I6VFJ118D7FCW5RGGLD24K,AMUKX1DM4ASA7,US,Submitted,2021-05-06 11:07:43+09:00,0:01:27,"[[7, 3], [8, 4], [9, 5], [8, 5], [7, 8], [7, 7], [8, 7], [9, 7], [9, 6], [8, 6]]","[[7, 10], [6, 13], [6, 12], [5, 12], [6, 11], [7, 12], [7, 13], [4, 12], [5, 11], [4, 11]]","[[3, 11], [3, 10], [4, 10], [4, 11], [3, 9], [2, 10], [2, 9], [1, 10], [2, 11], [1, 9]]","[[5, 10], [5, 11], [4, 11], [2, 14], [2, 16], [3, 17], [2, 17], [1, 17], [1, 16], [2, 18]]","[[5, 8], [6, 8], [6, 7], [5, 9], [6, 9], [6, 6], [7, 6], [5, 7], [7, 8], [7, 9]]"
2021-05-03 11:07:52+09:00,2021-05-03 11:05:51+09:00,3HJ1EVZS2PY8I51W2HKSZOCSS5LR34,3QAPZX2QN6SYKDJ7U6SAK213Z9X204,A27TE0L5XP1H0U,US,Submitted,2021-05-06 11:07:52+09:00,0:02:01,"[[8, 3], [9, 3], [9, 4], [8, 4], [8, 5], [9, 5], [8, 7], [7, 7], [6, 7], [8, 6]]","[[6, 12], [5, 12], [6, 13], [6, 11], [5, 11], [7, 12], [7, 13], [5, 13], [4, 12], [8, 13]]","[[3, 10], [3, 11], [2, 11], [2, 10], [3, 9], [2, 9], [4, 9], [4, 10], [4, 11], [1, 10]]","[[1, 15], [1, 16], [1, 14], [1, 13], [2, 13], [2, 12], [2, 11], [3, 11], [3, 12], [2, 17]]","[[7, 5], [8, 6], [7, 6], [6, 6], [6, 7], [7, 7], [8, 7], [7, 8], [8, 8], [7, 4]]"
2021-05-03 11:07:54+09:00,2021-05-03 11:06:53+09:00,3HJ1EVZS2PY8I51W2HKSZOCSS5LR34,3XCC1ODXDNQ3CQ5RQU1Q0G0TO5ARQ5,A34CPKFZXBX1PO,US,Submitted,2021-05-06 11:07:54+09:00,0:01:01,"[[9, 4], [8, 5], [8, 6], [8, 9], [7, 9], [7, 3], [7, 8], [7, 6], [7, 7], [6, 7]]","[[5, 11], [5, 13], [4, 12], [5, 12], [6, 12], [8, 12], [7, 14], [7, 13], [6, 13], [3, 12]]","[[3, 11], [4, 11], [4, 10], [3, 10], [3, 9], [2, 9], [2, 10], [2, 11], [1, 10], [1, 9]]","[[2, 17], [3, 18], [3, 19], [1, 19], [2, 20], [2, 19], [3, 17], [2, 18], [1, 17], [1, 18]]","[[6, 8], [9, 12], [9, 8], [10, 9], [11, 12], [7, 10], [9, 5], [13, 10], [9, 9], [9, 14]]"
2021-05-03 11:08:04+09:00,2021-05-03 11:05:44+09:00,3HJ1EVZS2PY8I51W2HKSZOCSS5LR34,3OVHNO1VE8GIP8NDVPPJMKVTE74ZD1,A2F0A4FIVT9M3O,US,Submitted,2021-05-06 11:08:04+09:00,0:02:20,"[[8, 5], [8, 6], [8, 7], [7, 7], [7, 6], [7, 5], [7, 8], [8, 8], [9, 8], [9, 7]]","[[8, 10], [7, 7], [8, 8], [6, 11], [5, 11], [5, 10], [4, 12], [5, 12], [6, 13], [6, 12]]","[[5, 7], [5, 6], [3, 10], [4, 10], [3, 9], [4, 9], [4, 11], [3, 11], [2, 9], [2, 3]]","[[3, 12], [3, 11], [4, 12], [4, 11], [2, 14], [3, 13], [2, 15], [3, 15], [1, 16], [2, 16]]","[[10, 8], [9, 7], [10, 7], [9, 8], [10, 10], [10, 9], [11, 8], [11, 7], [12, 7], [12, 6]]"
2021-05-03 11:08:09+09:00,2021-05-03 11:06:08+09:00,3HJ1EVZS2PY8I51W2HKSZOCSS5LR34,3NVC2EB65SEK2QBB6EHOV40FH0C3YH,A3PX6V75SHQ4JP,US,Submitted,2021-05-06 11:08:09+09:00,0:02:01,"[[8, 3], [8, 4], [7, 4], [7, 5], [8, 5], [8, 6], [8, 7], [8, 8], [7, 7], [9, 6]]","[[8, 12], [7, 12], [6, 12], [5, 12], [4, 11], [3, 11], [2, 11], [2, 10], [3, 10], [4, 12]]","[[7, 2], [6, 2], [5, 2], [3, 8], [2, 8], [2, 9], [3, 9], [2, 10], [3, 10], [4, 10]]","[[2, 14], [2, 15], [3, 14], [2, 13], [1, 15], [1, 16], [2, 17], [3, 17], [3, 18], [2, 18]]","[[11, 7], [9, 7], [10, 7], [9, 8], [9, 9], [10, 8], [12, 8], [12, 7], [11, 8], [12, 10]]"
2021-05-03 11:08:10+09:00,2021-05-03 11:05:47+09:00,3HJ1EVZS2PY8I51W2HKSZOCSS5LR34,3TPZPLC3M2RQTCJAFRL5ID73DV8P38,A3LAIVLVWO2BQC,US,Submitted,2021-05-06 11:08:10+09:00,0:02:23,"[[8, 3], [9, 4], [8, 5], [8, 6], [7, 8], [8, 7], [7, 7], [6, 7], [8, 8], [9, 7]]","[[2, 11], [6, 12], [5, 12], [5, 13], [4, 12], [4, 13], [3, 12], [4, 11], [5, 11], [6, 11]]","[[3, 9], [2, 9], [2, 10], [3, 10], [4, 10], [4, 11], [3, 11], [4, 9], [2, 11], [1, 9]]","[[1, 17], [2, 17], [2, 18], [3, 18], [3, 17], [1, 18], [4, 18], [4, 19], [3, 19], [2, 19]]","[[6, 9], [5, 9], [5, 8], [6, 8], [5, 10], [6, 10], [7, 10], [7, 9], [6, 11], [9, 16]]"
2021-05-03 11:08:49+09:00,2021-05-03 11:07:01+09:00,3HJ1EVZS2PY8I51W2HKSZOCSS5LR34,3R5F3LQFV4Z9T5E2LY3ZXE7SILBZOY,A3ICFB5LP54FO2,US,Submitted,2021-05-06 11:08:49+09:00,0:01:48,"[[8, 4], [8, 5], [7, 5], [7, 4], [7, 3], [8, 3], [6, 5], [6, 4], [9, 5], [9, 4]]","[[9, 10], [9, 9], [9, 7], [9, 8], [10, 8], [10, 9], [10, 10], [10, 11], [10, 12], [10, 13]]","[[8, 3], [8, 4], [8, 5], [8, 6], [7, 6], [7, 5], [7, 4], [6, 4], [6, 5], [6, 6]]","[[9, 8], [9, 9], [9, 10], [9, 11], [9, 12], [8, 12], [8, 11], [8, 9], [8, 10], [8, 8]]","[[11, 8], [11, 9], [11, 10], [11, 11], [11, 12], [10, 12], [9, 12], [10, 11], [10, 10], [10, 9]]"
2021-05-03 11:08:51+09:00,2021-05-03 11:05:40+09:00,3HJ1EVZS2PY8I51W2HKSZOCSS5LR34,3SEPORI8WPEKR1K1BFYHWJNNT47ZAZ,A261NEZSEFSRQI,US,Submitted,2021-05-06 11:08:51+09:00,0:03:11,"[[8, 4], [8, 6], [6, 6], [7, 7], [9, 7], [9, 5], [8, 8], [10, 8], [8, 5], [7, 6]]","[[6, 13], [6, 12], [5, 12], [4, 12], [7, 12], [7, 11], [7, 10], [8, 10], [9, 10], [9, 11]]","[[3, 11], [2, 10], [1, 11], [3, 9], [4, 10], [3, 10], [2, 9], [4, 11], [3, 8], [4, 9]]","[[2, 18], [2, 17], [2, 16], [1, 17], [3, 17], [3, 18], [2, 14], [2, 12], [4, 11], [4, 9]]","[[12, 5], [10, 5], [10, 7], [11, 6], [12, 7], [9, 7], [10, 8], [9, 8], [11, 7], [10, 6]]"
2021-05-03 11:09:00+09:00,2021-05-03 11:05:51+09:00,3HJ1EVZS2PY8I51W2HKSZOCSS5LR34,34PGFRQONQQRYZI0UYRNQEWO2PXWJM,A3ADHMAWDD7M6V,US,Submitted,2021-05-06 11:09:00+09:00,0:03:09,"[[9, 4], [8, 4], [8, 3], [9, 3], [9, 5], [8, 5], [7, 5], [7, 4], [7, 6], [8, 6]]","[[8, 12], [8, 13], [8, 11], [8, 10], [7, 11], [7, 12], [7, 13], [7, 10], [6, 10], [6, 11]]","[[5, 11], [8, 13], [7, 12], [7, 11], [8, 11], [5, 10], [6, 10], [7, 10], [8, 10], [8, 12]]","[[6, 9], [3, 12], [3, 11], [4, 12], [2, 12], [2, 13], [2, 11], [3, 10], [4, 9], [4, 10]]","[[9, 14], [9, 13], [8, 14], [8, 13], [8, 12], [9, 11], [8, 10], [8, 11], [9, 12], [9, 10]]"
2021-05-03 11:09:06+09:00,2021-05-03 11:07:25+09:00,3HJ1EVZS2PY8I51W2HKSZOCSS5LR34,38JBBYETQQP7EHDO6RADY605DO34EO,A13QSCEHVHJ3Z8,US,Submitted,2021-05-06 11:09:06+09:00,0:01:41,"[[8, 3], [9, 5], [10, 3], [8, 4], [9, 3], [8, 5], [9, 4], [8, 7], [9, 6], [8, 6]]","[[6, 11], [4, 12], [5, 11], [5, 13], [8, 11], [8, 10], [7, 12], [7, 11], [6, 12], [6, 9]]","[[3, 11], [2, 11], [4, 11], [4, 13], [6, 14], [2, 10], [3, 10], [2, 12], [3, 12], [4, 12]]","[[5, 13], [2, 17], [9, 11], [7, 13], [6, 13], [4, 14], [4, 13], [11, 11], [12, 11], [10, 11]]","[[10, 15], [10, 7], [11, 10], [11, 12], [11, 13], [11, 14], [12, 14], [12, 13], [12, 12], [12, 11]]"
2021-05-03 11:09:07+09:00,2021-05-03 11:07:02+09:00,3HJ1EVZS2PY8I51W2HKSZOCSS5LR34,3X0H8UUIT33KX21QHS01IFNBY8AWS2,A748N8WFG2HR4,US,Submitted,2021-05-06 11:09:07+09:00,0:02:05,"[[8, 6], [8, 5], [7, 6], [7, 7], [6, 7], [6, 6], [6, 8], [8, 8], [8, 7], [7, 8]]","[[5, 12], [6, 12], [6, 11], [5, 11], [4, 12], [3, 12], [3, 13], [4, 13], [7, 13], [6, 13]]","[[6, 7], [7, 7], [6, 8], [7, 8], [3, 13], [2, 12], [3, 12], [1, 11], [1, 9], [2, 9]]","[[1, 16], [2, 16], [2, 17], [1, 17], [2, 18], [1, 18], [3, 18], [3, 17], [2, 19], [3, 19]]","[[7, 7], [8, 8], [8, 7], [7, 8], [7, 10], [8, 9], [9, 9], [9, 8], [7, 9], [6, 8]]"
2021-05-03 11:09:10+09:00,2021-05-03 11:07:06+09:00,3HJ1EVZS2PY8I51W2HKSZOCSS5LR34,3RKNTXVS3OD4O4WCQM8R2NAES954AT,A140F9GDRQKAT2,US,Submitted,2021-05-06 11:09:10+09:00,0:02:04,"[[8, 5], [9, 5], [9, 4], [8, 4], [8, 6], [8, 7], [8, 8], [9, 8], [7, 7], [6, 7]]","[[8, 10], [9, 10], [9, 11], [8, 11], [7, 11], [7, 12], [7, 13], [6, 13], [6, 12], [5, 12]]","[[3, 15], [1, 11], [2, 9], [3, 9], [2, 10], [4, 8], [4, 9], [3, 8], [2, 8], [3, 10]]","[[2, 19], [3, 19], [3, 18], [4, 19], [1, 20], [1, 19], [3, 17], [4, 18], [2, 20], [1, 18]]","[[9, 4], [10, 4], [11, 4], [11, 5], [12, 6], [11, 6], [10, 6], [10, 5], [9, 5], [8, 5]]"
2021-05-03 11:09:36+09:00,2021-05-03 11:06:16+09:00,3HJ1EVZS2PY8I51W2HKSZOCSS5LR34,3W2LOLRXLDUH1N7WDPHT4UOKPZIRKD,A20EVX30W7PLZK,US,Submitted,2021-05-06 11:09:36+09:00,0:03:20,"[[9, 4], [9, 5], [8, 5], [8, 4], [7, 6], [8, 6], [8, 7], [7, 7], [7, 8], [8, 8]]","[[4, 7], [4, 10], [4, 11], [3, 11], [3, 12], [3, 13], [4, 13], [5, 13], [4, 12], [5, 12]]","[[2, 12], [3, 14], [2, 13], [4, 11], [3, 11], [2, 11], [3, 9], [4, 10], [4, 9], [3, 10]]","[[1, 17], [2, 18], [3, 18], [4, 18], [4, 19], [3, 19], [2, 19], [2, 20], [2, 17], [3, 17]]","[[8, 7], [9, 8], [9, 10], [9, 12], [9, 13], [8, 13], [8, 12], [8, 11], [8, 10], [9, 11]]"
2021-05-03 11:09:37+09:00,2021-05-03 11:05:16+09:00,3HJ1EVZS2PY8I51W2HKSZOCSS5LR34,3IAEQB9FMGZEVDI8K25CNG1BX50WD8,A2MOKIEQZ0OF2M,US,Submitted,2021-05-06 11:09:37+09:00,0:04:21,"[[8, 4], [9, 4], [9, 5], [8, 5], [8, 6], [8, 7], [7, 7], [6, 7], [6, 8], [8, 8]]","[[6, 13], [6, 12], [5, 12], [4, 12], [4, 13], [5, 13], [7, 13], [7, 12], [8, 12], [8, 13]]","[[2, 11], [3, 11], [4, 11], [4, 12], [4, 10], [3, 10], [3, 9], [2, 9], [2, 10], [1, 10]]","[[3, 16], [2, 16], [1, 16], [2, 17], [3, 18], [4, 18], [5, 18], [6, 18], [2, 19], [3, 17]]","[[9, 9], [9, 11], [9, 10], [8, 10], [8, 9], [8, 8], [8, 3], [7, 4], [10, 3], [10, 16]]"
2021-05-03 11:10:04+09:00,2021-05-03 11:08:43+09:00,3HJ1EVZS2PY8I51W2HKSZOCSS5LR34,33SA9F9TRZ9JNJW8GXGWTYJWXH1WE1,A8289AEOKHKV4,US,Submitted,2021-05-06 11:10:04+09:00,0:01:21,"[[6, 3], [6, 4], [6, 5], [6, 6], [7, 6], [7, 7], [8, 7], [8, 8], [7, 8], [6, 8]]","[[6, 11], [7, 10], [7, 12], [6, 12], [5, 12], [5, 13], [4, 13], [4, 12], [4, 11], [5, 11]]","[[1, 11], [2, 11], [1, 10], [2, 10], [2, 9], [3, 9], [3, 10], [4, 10], [3, 11], [4, 11]]","[[1, 12], [1, 13], [2, 13], [1, 14], [2, 14], [1, 15], [1, 16], [1, 17], [1, 18], [2, 18]]","[[10, 10], [10, 11], [11, 11], [12, 11], [13, 11], [13, 10], [12, 10], [11, 10], [12, 9], [13, 9]]"
2021-05-03 11:10:17+09:00,2021-05-03 11:07:12+09:00,3HJ1EVZS2PY8I51W2HKSZOCSS5LR34,3KJYX6QCMBQEJAIV4OMR4CDAVGVJVZ,A2KMED79GMTHF9,US,Submitted,2021-05-06 11:10:17+09:00,0:03:05,"[[6, 10], [5, 13], [7, 10], [8, 11], [9, 8], [5, 9], [6, 8], [6, 11], [6, 9], [8, 9]]","[[2, 13], [3, 12], [5, 11], [5, 12], [7, 13], [8, 11], [9, 13], [7, 11], [8, 9], [10, 11]]","[[3, 11], [2, 12], [3, 12], [4, 12], [5, 12], [4, 14], [3, 13], [5, 13], [6, 13], [5, 11]]","[[3, 13], [4, 10], [3, 11], [2, 13], [3, 10], [4, 11], [5, 12], [2, 12], [3, 12], [4, 12]]","[[10, 8], [8, 8], [9, 12], [11, 11], [9, 9], [8, 10], [9, 10], [11, 9], [10, 11], [10, 10]]"
2021-05-03 11:10:49+09:00,2021-05-03 11:09:00+09:00,3HJ1EVZS2PY8I51W2HKSZOCSS5LR34,3R3YRB5GRHI352QR5SZ9FR88RMSUA5,A1R5O1NGQM4OU1,US,Submitted,2021-05-06 11:10:49+09:00,0:01:49,"[[8, 5], [8, 4], [8, 7], [6, 6], [6, 7], [7, 7], [7, 6], [8, 6], [7, 5], [7, 4]]","[[10, 9], [12, 13], [10, 11], [9, 10], [8, 9], [6, 10], [5, 9], [5, 8], [6, 9], [7, 9]]","[[5, 13], [4, 11], [3, 8], [3, 7], [2, 6], [3, 5], [5, 4], [6, 4], [4, 9], [5, 10]]","[[2, 15], [1, 17], [1, 16], [1, 15], [2, 17], [2, 18], [3, 18], [4, 18], [2, 19], [4, 19]]","[[8, 8], [10, 9], [10, 11], [9, 12], [8, 9], [9, 9], [9, 10], [8, 10], [8, 11], [9, 11]]"
2021-05-03 11:10:57+09:00,2021-05-03 11:09:14+09:00,3HJ1EVZS2PY8I51W2HKSZOCSS5LR34,3SKEMFQBZ5KBJIS0EGBTDDTFZ7UK8U,A1KGCOR8OXYR72,US,Submitted,2021-05-06 11:10:57+09:00,0:01:43,"[[2, 7], [6, 8], [6, 7], [7, 7], [8, 7], [8, 8], [7, 6], [8, 6], [8, 5], [7, 5]]","[[5, 12], [6, 12], [5, 11], [4, 12], [4, 13], [5, 13], [4, 11], [6, 11], [6, 13], [7, 13]]","[[6, 15], [3, 14], [2, 13], [2, 12], [2, 11], [1, 11], [1, 10], [2, 10], [2, 9], [3, 9]]","[[1, 16], [1, 15], [1, 14], [1, 17], [2, 17], [2, 18], [1, 18], [1, 13], [2, 13], [1, 12]]","[[13, 9], [12, 10], [12, 9], [11, 9], [11, 10], [11, 11], [11, 12], [12, 11], [13, 11], [12, 12]]"
2021-05-03 11:11:01+09:00,2021-05-03 11:09:20+09:00,3HJ1EVZS2PY8I51W2HKSZOCSS5LR34,3TAYZSBPLNNYLM3J38BUU87MU1G2SR,AVPZJ69E3WFYM,US,Submitted,2021-05-06 11:11:01+09:00,0:01:41,"[[3, 8], [4, 8], [4, 7], [5, 7], [5, 8], [5, 9], [6, 9], [6, 8], [6, 7], [4, 11]]","[[4, 12], [4, 13], [4, 14], [4, 15], [5, 15], [5, 14], [5, 13], [5, 12], [6, 12], [6, 13]]","[[5, 8], [4, 9], [5, 9], [6, 7], [6, 8], [4, 8], [5, 7], [5, 6], [6, 6], [6, 9]]","[[8, 9], [7, 9], [6, 9], [6, 10], [7, 10], [7, 11], [6, 11], [6, 12], [7, 12], [8, 12]]","[[7, 10], [8, 10], [7, 11], [8, 11], [8, 9], [7, 9], [7, 8], [8, 8], [9, 8], [9, 9]]"
2021-05-03 11:11:45+09:00,2021-05-03 11:10:01+09:00,3HJ1EVZS2PY8I51W2HKSZOCSS5LR34,3ATTHHXXWC3ASO3KML29GWVVYCEXI4,AQJQ2B28VFNTX,US,Submitted,2021-05-06 11:11:45+09:00,0:01:44,"[[6, 6], [4, 6], [5, 7], [6, 7], [7, 7], [7, 6], [7, 5], [8, 6], [8, 7], [8, 8]]","[[8, 7], [7, 9], [6, 14], [4, 11], [4, 7], [6, 9], [7, 10], [5, 10], [5, 9], [4, 8]]","[[4, 7], [3, 9], [3, 8], [2, 5], [3, 5], [4, 5], [3, 6], [3, 7], [5, 8], [4, 8]]","[[7, 9], [6, 9], [4, 9], [4, 11], [6, 10], [5, 10], [3, 10], [2, 11], [2, 13], [2, 14]]","[[3, 8], [9, 6], [6, 8], [6, 9], [7, 10], [7, 8], [7, 9], [8, 9], [8, 8], [10, 7]]"
2021-05-03 11:12:29+09:00,2021-05-03 11:10:16+09:00,3HJ1EVZS2PY8I51W2HKSZOCSS5LR34,32KTQ2V7RFU6NBBD4KUNSMGU8I89ME,AFOP28WMLK9UB,US,Submitted,2021-05-06 11:12:29+09:00,0:02:13,"[[10, 3], [8, 3], [8, 4], [8, 5], [8, 6], [8, 7], [8, 8], [7, 7], [7, 6], [7, 5]]","[[7, 13], [6, 13], [5, 12], [5, 11], [3, 11], [3, 12], [4, 12], [4, 11], [4, 13], [5, 13]]","[[5, 14], [5, 13], [4, 13], [2, 11], [2, 10], [2, 9], [2, 12], [3, 13], [1, 10], [1, 11]]","[[1, 16], [1, 17], [2, 17], [2, 18], [1, 18], [3, 18], [4, 18], [5, 18], [3, 17], [4, 17]]","[[7, 7], [7, 8], [7, 9], [7, 10], [7, 11], [7, 12], [7, 6], [7, 5], [7, 4], [8, 4]]"
2021-05-03 11:12:39+09:00,2021-05-03 11:10:54+09:00,3HJ1EVZS2PY8I51W2HKSZOCSS5LR34,3OUYGIZWR9DUCKKDW43MGF9WAJOP0D,AXY0D2AMLKE2A,US,Submitted,2021-05-06 11:12:39+09:00,0:01:45,"[[8, 6], [8, 5], [8, 4], [9, 4], [9, 5], [9, 6], [9, 7], [8, 7], [8, 8], [9, 8]]","[[8, 13], [7, 12], [6, 12], [5, 12], [5, 11], [4, 12], [3, 12], [4, 11], [4, 13], [5, 13]]","[[6, 14], [5, 13], [2, 11], [1, 12], [1, 11], [0, 11], [2, 12], [1, 13], [2, 13], [3, 11]]","[[2, 17], [3, 17], [2, 18], [3, 18], [4, 18], [1, 17], [1, 18], [2, 16], [1, 16], [3, 16]]","[[7, 5], [7, 7], [8, 8], [9, 10], [9, 11], [8, 11], [8, 10], [7, 10], [7, 12], [7, 11]]"
2021-05-03 11:12:41+09:00,2021-05-03 11:09:57+09:00,3HJ1EVZS2PY8I51W2HKSZOCSS5LR34,3N4BPTXIOA79HFZDHJCY95B4WYMUKK,A7JSB91ZAI8NZ,US,Submitted,2021-05-06 11:12:41+09:00,0:02:44,"[[7, 4], [8, 4], [9, 4], [8, 5], [8, 7], [7, 7], [7, 6], [6, 7], [6, 6], [8, 6]]","[[8, 12], [7, 12], [7, 11], [8, 11], [6, 11], [6, 12], [7, 13], [8, 13], [6, 13], [5, 12]]","[[3, 9], [2, 9], [2, 8], [1, 9], [2, 10], [1, 10], [2, 11], [3, 10], [4, 10], [3, 11]]","[[2, 12], [3, 12], [1, 13], [1, 14], [2, 14], [2, 13], [1, 15], [1, 16], [2, 17], [3, 17]]","[[10, 8], [8, 8], [8, 6], [9, 6], [9, 7], [8, 7], [8, 9], [7, 9], [7, 8], [7, 7]]"
2021-05-03 11:13:34+09:00,2021-05-03 11:11:44+09:00,3HJ1EVZS2PY8I51W2HKSZOCSS5LR34,3DY46V3X3RXPEHOV9V0KZ4060RZ55T,A2HSX08DWDYJU7,US,Submitted,2021-05-06 11:13:34+09:00,0:01:50,"[[8, 5], [8, 3], [7, 4], [8, 4], [7, 6], [7, 7], [8, 7], [8, 6], [6, 7], [7, 8]]","[[7, 11], [5, 11], [7, 10], [7, 12], [6, 13], [6, 14], [6, 12], [5, 12], [4, 12], [4, 13]]","[[1, 12], [1, 11], [2, 12], [1, 10], [2, 10], [1, 9], [2, 9], [3, 9], [3, 10], [4, 10]]","[[3, 17], [3, 18], [2, 17], [2, 18], [2, 19], [3, 19], [4, 19], [4, 18], [5, 18], [5, 19]]","[[10, 9], [10, 10], [6, 13], [6, 14], [9, 10], [9, 11], [8, 12], [7, 13], [6, 15], [7, 15]]"
2021-05-03 11:13:56+09:00,2021-05-03 11:12:59+09:00,3HJ1EVZS2PY8I51W2HKSZOCSS5LR34,32Q90QCQ1U0SSJ2RRJXT5NP1AATKEU,ASNMT3I94HZ44,US,Submitted,2021-05-06 11:13:56+09:00,0:00:57,"[[7, 6], [8, 9], [9, 8], [8, 8], [9, 6], [8, 5], [8, 6], [8, 7], [7, 7], [9, 5]]","[[5, 12], [7, 12], [6, 13], [4, 13], [4, 12], [5, 10], [6, 11], [5, 11], [5, 13], [7, 13]]","[[4, 10], [6, 11], [5, 13], [4, 12], [4, 11], [3, 11], [3, 10], [3, 9], [4, 9], [2, 11]]","[[1, 14], [1, 16], [1, 17], [2, 18], [2, 19], [1, 18], [2, 20], [1, 20], [4, 19], [3, 19]]","[[8, 9], [9, 7], [10, 7], [10, 9], [9, 9], [9, 8], [7, 8], [7, 7], [8, 7], [6, 7]]"
2021-05-03 11:13:58+09:00,2021-05-03 11:12:12+09:00,3HJ1EVZS2PY8I51W2HKSZOCSS5LR34,3WRFBPLXRC3QQR7XZC8DEO28DG83NR,AHTIGV6OOXMAK,US,Submitted,2021-05-06 11:13:58+09:00,0:01:46,"[[8, 6], [8, 8], [8, 7], [8, 5], [9, 5], [8, 4], [9, 4], [7, 6], [7, 7], [6, 7]]","[[9, 12], [9, 13], [7, 11], [8, 10], [6, 11], [5, 12], [5, 11], [6, 12], [4, 12], [4, 11]]","[[3, 13], [4, 11], [4, 10], [3, 10], [3, 11], [2, 10], [2, 11], [2, 9], [3, 9], [4, 9]]","[[1, 17], [2, 17], [1, 18], [2, 18], [3, 18], [3, 17], [3, 19], [1, 19], [2, 19], [2, 20]]","[[9, 9], [9, 13], [10, 13], [11, 10], [8, 12], [10, 11], [9, 10], [9, 11], [9, 12], [10, 12]]"
2021-05-03 11:14:01+09:00,2021-05-03 11:11:18+09:00,3HJ1EVZS2PY8I51W2HKSZOCSS5LR34,3WT783CTPDWC2IEJPFE5GW68247CB9,ATTAQA9KLECBA,US,Submitted,2021-05-06 11:14:01+09:00,0:02:43,"[[7, 4], [8, 4], [9, 4], [8, 3], [9, 3], [7, 5], [6, 6], [7, 6], [7, 8], [6, 7]]","[[7, 13], [7, 12], [6, 13], [6, 11], [5, 12], [6, 12], [4, 12], [4, 13], [5, 11], [5, 13]]","[[2, 10], [2, 11], [3, 10], [4, 10], [4, 11], [3, 11], [2, 9], [3, 9], [4, 9], [1, 9]]","[[1, 13], [1, 15], [1, 14], [1, 17], [2, 17], [2, 18], [3, 18], [3, 17], [4, 17], [4, 18]]","[[8, 9], [8, 10], [7, 11], [6, 10], [7, 8], [6, 9], [7, 10], [7, 9], [8, 11], [8, 8]]"
2021-05-03 11:14:03+09:00,2021-05-03 11:11:45+09:00,3HJ1EVZS2PY8I51W2HKSZOCSS5LR34,3HRMW88U185ORHN04OBUZBF15EE0MT,A11JC9IZ7WY72T,US,Submitted,2021-05-06 11:14:03+09:00,0:02:18,"[[9, 4], [9, 5], [8, 5], [8, 4], [8, 6], [9, 6], [8, 7], [9, 7], [7, 8], [8, 8]]","[[7, 13], [6, 12], [5, 12], [4, 12], [4, 13], [5, 13], [6, 13], [7, 12], [8, 12], [7, 11]]","[[4, 13], [3, 9], [3, 10], [4, 10], [2, 10], [2, 9], [3, 8], [4, 11], [3, 11], [2, 8]]","[[3, 17], [2, 17], [2, 18], [3, 18], [2, 16], [1, 16], [1, 15], [2, 15], [1, 18], [1, 17]]","[[9, 7], [10, 7], [11, 7], [12, 7], [12, 8], [11, 8], [10, 8], [12, 9], [11, 9], [10, 10]]"
2021-05-03 11:14:24+09:00,2021-05-03 11:12:02+09:00,3HJ1EVZS2PY8I51W2HKSZOCSS5LR34,3L70J4KAZI1HO0F5JX9K5R4K5MYADC,A2W434UNNBRS4L,US,Submitted,2021-05-06 11:14:24+09:00,0:02:22,"[[9, 4], [9, 5], [9, 6], [8, 4], [8, 5], [9, 3], [8, 3], [7, 3], [7, 4], [7, 5]]","[[8, 11], [8, 12], [8, 13], [7, 13], [7, 12], [7, 11], [7, 10], [6, 10], [6, 11], [5, 13]]","[[1, 11], [1, 10], [1, 9], [2, 9], [2, 10], [2, 11], [2, 12], [3, 10], [3, 9], [3, 11]]","[[2, 17], [1, 17], [1, 16], [2, 16], [2, 18], [1, 18], [3, 18], [3, 17], [3, 16], [3, 15]]","[[8, 3], [7, 4], [7, 5], [8, 5], [7, 3], [9, 3], [9, 4], [8, 4], [9, 5], [9, 6]]"
2021-05-03 11:14:37+09:00,2021-05-03 11:12:41+09:00,3HJ1EVZS2PY8I51W2HKSZOCSS5LR34,336YQZE83XTNMO911UH6G6BSMMP5MJ,A1YIOBUMCTKQWU,US,Submitted,2021-05-06 11:14:37+09:00,0:01:56,"[[8, 7], [8, 6], [7, 7], [8, 8], [8, 4], [8, 5], [6, 8], [6, 7], [9, 4], [9, 5]]","[[6, 13], [6, 12], [5, 12], [4, 12], [4, 13], [5, 13], [7, 13], [8, 13], [8, 12], [7, 11]]","[[3, 10], [3, 11], [3, 12], [4, 11], [4, 10], [4, 12], [2, 10], [3, 9], [2, 9], [4, 9]]","[[2, 17], [0, 16], [1, 16], [2, 16], [1, 17], [2, 18], [3, 17], [3, 18], [2, 14], [1, 14]]","[[6, 7], [7, 8], [6, 8], [8, 9], [7, 9], [8, 10], [7, 10], [6, 10], [6, 11], [7, 11]]"
2021-05-03 11:14:53+09:00,2021-05-03 11:13:01+09:00,3HJ1EVZS2PY8I51W2HKSZOCSS5LR34,37UQDCYH6ZALZFHT3FXU1M814LVV74,A376RFEFI88BBA,US,Submitted,2021-05-06 11:14:53+09:00,0:01:52,"[[5, 13], [4, 13], [4, 12], [5, 12], [8, 5], [8, 6], [8, 7], [8, 8], [7, 8], [7, 7]]","[[6, 13], [6, 12], [5, 12], [5, 13], [5, 10], [6, 11], [5, 11], [6, 10], [7, 11], [7, 12]]","[[7, 12], [3, 13], [3, 14], [2, 14], [2, 13], [2, 12], [3, 12], [2, 11], [1, 11], [1, 10]]","[[4, 13], [2, 13], [1, 17], [2, 17], [2, 18], [3, 18], [3, 17], [4, 18], [4, 19], [3, 19]]","[[9, 10], [9, 11], [9, 9], [3, 7], [3, 8], [3, 10], [2, 10], [2, 9], [2, 8], [9, 8]]"
2021-05-03 11:14:59+09:00,2021-05-03 11:12:45+09:00,3HJ1EVZS2PY8I51W2HKSZOCSS5LR34,3E47SOBEYSBMPQSPVP6M2JALXURCII,A3TDA1NWHNQFE3,US,Submitted,2021-05-06 11:14:59+09:00,0:02:14,"[[8, 7], [7, 7], [6, 7], [8, 6], [7, 6], [8, 5], [8, 4], [8, 8], [9, 8], [9, 7]]","[[6, 12], [5, 13], [5, 12], [4, 12], [4, 11], [3, 12], [6, 13], [7, 13], [7, 12], [7, 11]]","[[4, 11], [4, 10], [3, 10], [3, 9], [2, 9], [3, 8], [2, 8], [1, 9], [2, 10], [3, 11]]","[[4, 18], [3, 19], [2, 19], [5, 18], [1, 19], [4, 19], [5, 19], [6, 18], [6, 17], [8, 17]]","[[8, 6], [7, 6], [7, 7], [6, 7], [6, 6], [7, 5], [7, 4], [8, 4], [8, 5], [8, 3]]"
2021-05-03 11:15:02+09:00,2021-05-03 11:13:17+09:00,3HJ1EVZS2PY8I51W2HKSZOCSS5LR34,339ANSOTR7H48O4DN2NKQ2NT230KI3,A2XNLWE8B2EG2L,US,Submitted,2021-05-06 11:15:02+09:00,0:01:45,"[[8, 6], [8, 7], [7, 7], [7, 6], [8, 5], [7, 5], [7, 4], [8, 4], [9, 6], [9, 4]]","[[8, 10], [7, 10], [7, 12], [7, 13], [8, 13], [8, 12], [7, 11], [8, 11], [6, 12], [6, 13]]","[[3, 14], [4, 15], [4, 14], [5, 15], [6, 14], [6, 15], [5, 16], [5, 14], [4, 16], [3, 15]]","[[6, 9], [8, 8], [6, 8], [5, 8], [5, 10], [4, 11], [3, 11], [4, 10], [4, 8], [5, 9]]","[[8, 11], [7, 9], [8, 12], [8, 10], [10, 10], [10, 5], [8, 5], [7, 5], [7, 6], [9, 8]]"
2021-05-03 11:15:16+09:00,2021-05-03 11:13:35+09:00,3HJ1EVZS2PY8I51W2HKSZOCSS5LR34,3K2755HG5UICKRWDUDVCJSFB22BFDU,A2EUBRVLXT62HU,US,Submitted,2021-05-06 11:15:16+09:00,0:01:41,"[[8, 5], [8, 7], [8, 6], [7, 6], [7, 4], [7, 3], [6, 4], [6, 5], [6, 6], [6, 7]]","[[8, 11], [7, 11], [8, 10], [7, 10], [6, 8], [5, 9], [4, 11], [6, 11], [6, 10], [6, 13]]","[[4, 4], [3, 10], [6, 11], [6, 8], [3, 7], [6, 5], [4, 2], [2, 5], [5, 8], [8, 3]]","[[5, 8], [3, 11], [3, 9], [4, 10], [4, 11], [4, 9], [5, 9], [2, 13], [1, 14], [2, 11]]","[[7, 11], [9, 9], [7, 8], [6, 8], [5, 10], [6, 12], [7, 13], [10, 11], [7, 9], [8, 11]]"
2021-05-03 11:16:04+09:00,2021-05-03 11:13:54+09:00,3HJ1EVZS2PY8I51W2HKSZOCSS5LR34,3JPSL1DZ5UEQAC6I8RNN1WGEJQ0ANU,A3AB866JYLTERS,US,Submitted,2021-05-06 11:16:04+09:00,0:02:10,"[[7, 5], [7, 6], [8, 6], [8, 5], [8, 4], [7, 4], [9, 4], [9, 5], [8, 7], [7, 7]]","[[9, 14], [8, 14], [8, 13], [9, 13], [9, 12], [7, 11], [6, 12], [5, 13], [4, 11], [5, 12]]","[[6, 13], [6, 14], [5, 13], [4, 14], [4, 13], [3, 13], [3, 14], [2, 12], [3, 12], [2, 13]]","[[5, 8], [4, 10], [5, 9], [3, 11], [3, 10], [2, 11], [2, 12], [4, 12], [1, 13], [1, 12]]","[[8, 9], [9, 10], [8, 10], [9, 9], [8, 11], [9, 11], [8, 12], [9, 12], [8, 8], [9, 8]]"
2021-05-03 11:16:16+09:00,2021-05-03 11:14:34+09:00,3HJ1EVZS2PY8I51W2HKSZOCSS5LR34,30X31N5D655NQPYNGN490QQK6P8AS6,A21EZISIJ3JPSW,US,Submitted,2021-05-06 11:16:16+09:00,0:01:42,"[[8, 3], [8, 4], [8, 5], [8, 6], [8, 7], [5, 9], [5, 10], [6, 10], [6, 9], [8, 8]]","[[6, 11], [6, 10], [5, 10], [4, 9], [5, 11], [5, 12], [4, 12], [4, 11], [6, 12], [7, 11]]","[[6, 2], [6, 3], [5, 2], [5, 1], [6, 1], [5, 3], [4, 13], [4, 12], [5, 12], [5, 13]]","[[1, 16], [1, 17], [3, 17], [2, 18], [2, 17], [0, 18], [1, 19], [1, 18], [2, 19], [3, 19]]","[[11, 8], [12, 8], [13, 8], [12, 9], [11, 9], [11, 11], [11, 10], [12, 10], [12, 11], [12, 12]]"
2021-05-03 11:16:58+09:00,2021-05-03 11:14:32+09:00,3HJ1EVZS2PY8I51W2HKSZOCSS5LR34,3GNCZX450K2QDXIVO60F5LL9J51APQ,AVOF14300525D,US,Submitted,2021-05-06 11:16:58+09:00,0:02:26,"[[7, 4], [7, 5], [8, 4], [8, 5], [8, 6], [7, 6], [9, 5], [9, 4], [9, 6], [7, 7]]","[[10, 9], [9, 12], [9, 11], [9, 10], [8, 10], [8, 11], [8, 12], [8, 13], [7, 13], [7, 12]]","[[5, 10], [5, 15], [5, 14], [5, 13], [5, 12], [4, 12], [3, 12], [3, 11], [2, 11], [3, 10]]","[[4, 9], [5, 9], [5, 10], [6, 10], [4, 11], [4, 10], [6, 9], [6, 8], [6, 11], [7, 9]]","[[10, 10], [11, 10], [11, 11], [10, 11], [10, 12], [11, 12], [11, 9], [10, 9], [10, 8], [11, 8]]"
2021-05-03 11:17:52+09:00,2021-05-03 11:15:04+09:00,3HJ1EVZS2PY8I51W2HKSZOCSS5LR34,392CY0QWG36JUMFA2A04JLYX5HAI4B,A28DRH00RNLL0L,US,Submitted,2021-05-06 11:17:52+09:00,0:02:48,"[[8, 4], [8, 5], [9, 4], [9, 5], [8, 6], [8, 7], [7, 6], [7, 7], [8, 8], [6, 7]]","[[7, 12], [7, 10], [8, 11], [8, 10], [7, 11], [8, 12], [8, 13], [7, 13], [6, 13], [6, 12]]","[[2, 11], [3, 11], [3, 12], [2, 12], [2, 10], [3, 10], [3, 13], [4, 13], [2, 13], [3, 14]]","[[7, 9], [5, 10], [5, 9], [6, 8], [3, 11], [2, 13], [4, 10], [3, 10], [4, 9], [7, 8]]","[[9, 10], [10, 9], [9, 8], [9, 9], [8, 9], [8, 10], [10, 10], [10, 11], [9, 11], [8, 11]]"
2021-05-03 11:18:02+09:00,2021-05-03 11:16:31+09:00,3HJ1EVZS2PY8I51W2HKSZOCSS5LR34,3LOTDFNYA9EBTXW4B802BG4W9IHFW3,A2MCRVU8I9VNHG,US,Submitted,2021-05-06 11:18:02+09:00,0:01:31,"[[8, 5], [8, 4], [9, 4], [9, 5], [8, 7], [9, 7], [9, 8], [8, 8], [7, 7], [7, 6]]","[[8, 13], [8, 12], [7, 12], [7, 13], [9, 13], [9, 14], [8, 14], [10, 14], [11, 14], [9, 12]]","[[2, 11], [1, 11], [2, 10], [1, 10], [1, 9], [2, 9], [3, 9], [3, 10], [4, 10], [4, 9]]","[[1, 16], [1, 15], [1, 14], [1, 13], [2, 12], [3, 11], [4, 10], [5, 9], [6, 8], [7, 7]]","[[4, 5], [8, 7], [9, 7], [9, 17], [10, 16], [10, 17], [11, 16], [11, 15], [10, 15], [9, 16]]"
2021-05-03 11:18:10+09:00,2021-05-03 11:15:38+09:00,3HJ1EVZS2PY8I51W2HKSZOCSS5LR34,3S06PH7KSTJLUC25NEGRUQBH1SSD1R,A38GSW5JQW6NVB,US,Submitted,2021-05-06 11:18:10+09:00,0:02:32,"[[8, 6], [8, 5], [7, 6], [7, 7], [8, 7], [8, 8], [9, 8], [9, 7], [9, 5], [9, 4]]","[[6, 12], [6, 11], [6, 13], [7, 12], [7, 13], [8, 13], [9, 13], [9, 12], [9, 14], [8, 14]]","[[2, 9], [2, 10], [1, 10], [2, 11], [3, 10], [3, 11], [3, 9], [4, 10], [4, 9], [4, 11]]","[[2, 13], [1, 14], [1, 13], [1, 16], [1, 15], [2, 17], [1, 17], [2, 18], [3, 17], [3, 18]]","[[11, 3], [12, 4], [11, 4], [11, 6], [11, 5], [10, 5], [10, 4], [10, 3], [9, 3], [9, 4]]"
2021-05-03 11:19:07+09:00,2021-05-03 11:15:54+09:00,3HJ1EVZS2PY8I51W2HKSZOCSS5LR34,37Z929RLGBNS5LXWMNVQVVGCUETST9,A15X9KAJB8M54B,US,Submitted,2021-05-06 11:19:07+09:00,0:03:13,"[[9, 5], [9, 4], [8, 4], [8, 5], [7, 5], [7, 4], [8, 6], [8, 8], [9, 8], [8, 7]]","[[3, 11], [4, 9], [6, 11], [4, 13], [4, 12], [4, 11], [7, 10], [7, 13], [6, 13], [6, 12]]","[[7, 10], [3, 10], [2, 10], [2, 9], [1, 9], [1, 10], [3, 9], [4, 10], [3, 11], [2, 11]]","[[3, 12], [2, 12], [1, 12], [1, 13], [1, 16], [2, 17], [3, 18], [3, 17], [2, 11], [3, 11]]","[[9, 9], [9, 8], [8, 8], [8, 9], [8, 10], [9, 10], [10, 10], [10, 9], [10, 8], [11, 8]]"
2021-05-03 11:19:17+09:00,2021-05-03 11:16:14+09:00,3HJ1EVZS2PY8I51W2HKSZOCSS5LR34,3Q5ZZ9ZEVQU81Z7X7T7NBOAX2H085Y,A1BKNIEC5KYJLT,US,Submitted,2021-05-06 11:19:17+09:00,0:03:03,"[[7, 7], [7, 6], [6, 7], [8, 7], [8, 8], [8, 6], [7, 8], [6, 8], [9, 8], [9, 7]]","[[6, 13], [6, 14], [6, 12], [6, 11], [5, 12], [5, 13], [4, 12], [4, 11], [4, 13], [5, 11]]","[[2, 10], [1, 11], [1, 10], [2, 9], [3, 9], [3, 10], [1, 8], [4, 10], [3, 11], [4, 11]]","[[1, 17], [1, 16], [2, 17], [3, 17], [3, 18], [2, 18], [1, 18], [4, 18], [3, 19], [2, 19]]","[[8, 6], [7, 8], [7, 7], [7, 10], [7, 9], [7, 11], [7, 12], [8, 12], [8, 11], [8, 10]]"
2021-05-03 11:19:51+09:00,2021-05-03 11:18:20+09:00,3HJ1EVZS2PY8I51W2HKSZOCSS5LR34,3P529IW9K00VI3K57UT025NGBBDLFG,AOG0PUCLMU0HH,US,Submitted,2021-05-06 11:19:51+09:00,0:01:31,"[[8, 7], [8, 8], [7, 8], [7, 7], [6, 7], [7, 6], [8, 6], [8, 5], [7, 5], [8, 4]]","[[6, 8], [4, 11], [6, 11], [8, 11], [10, 9], [7, 12], [9, 12], [10, 12], [9, 10], [7, 8]]","[[3, 11], [3, 10], [4, 10], [4, 11], [2, 10], [2, 9], [3, 9], [4, 9], [2, 11], [2, 12]]","[[1, 16], [1, 17], [2, 17], [3, 17], [2, 15], [3, 16], [2, 16], [3, 18], [2, 18], [1, 18]]","[[11, 10], [9, 12], [11, 14], [8, 8], [12, 12], [9, 11], [9, 9], [11, 8], [10, 9], [12, 14]]"
2021-05-03 11:20:04+09:00,2021-05-03 11:18:23+09:00,3HJ1EVZS2PY8I51W2HKSZOCSS5LR34,3LYA37P8IS2ULGQ7HSV34FJG7DGBKL,A1T4EW5OY521RU,US,Submitted,2021-05-06 11:20:04+09:00,0:01:41,"[[8, 4], [8, 5], [8, 6], [9, 6], [9, 5], [9, 4], [7, 4], [7, 5], [7, 6], [8, 7]]","[[9, 12], [9, 13], [8, 11], [8, 10], [7, 12], [7, 11], [6, 13], [7, 13], [5, 12], [6, 12]]","[[6, 10], [7, 10], [5, 10], [7, 11], [7, 12], [6, 11], [10, 13], [8, 12], [8, 11], [3, 13]]","[[6, 18], [5, 18], [4, 18], [4, 19], [3, 18], [3, 19], [2, 19], [1, 19], [2, 20], [2, 17]]","[[8, 9], [8, 8], [7, 8], [6, 8], [7, 9], [7, 10], [6, 10], [6, 9], [5, 9], [5, 10]]"
2021-05-03 11:20:46+09:00,2021-05-03 11:19:23+09:00,3HJ1EVZS2PY8I51W2HKSZOCSS5LR34,3KOPY89HMAHU71GCKEGLLHLR4W3J33,A2N913YUJWD8BT,US,Submitted,2021-05-06 11:20:46+09:00,0:01:23,"[[8, 6], [8, 7], [8, 8], [9, 8], [9, 7], [7, 7], [7, 8], [7, 6], [6, 6], [6, 7]]","[[6, 12], [5, 12], [5, 13], [4, 13], [4, 12], [4, 11], [3, 11], [3, 12], [3, 13], [5, 11]]","[[3, 9], [3, 10], [4, 10], [3, 11], [3, 12], [2, 10], [4, 11], [2, 9], [4, 9], [1, 9]]","[[4, 18], [4, 19], [3, 19], [2, 19], [2, 18], [3, 18], [1, 19], [1, 20], [2, 20], [1, 18]]","[[8, 7], [9, 7], [9, 8], [8, 8], [8, 6], [8, 5], [8, 4], [8, 3], [8, 2], [9, 2]]"
2021-05-03 11:21:48+09:00,2021-05-03 11:18:52+09:00,3HJ1EVZS2PY8I51W2HKSZOCSS5LR34,3PPTZCWALSZCEHRI0BV3MJ2SXMUQZY,A2SNIQ9FD2T58Z,US,Submitted,2021-05-06 11:21:48+09:00,0:02:56,"[[7, 5], [8, 5], [9, 5], [9, 4], [8, 4], [8, 7], [8, 6], [7, 7], [7, 6], [9, 7]]","[[6, 11], [8, 12], [8, 10], [7, 10], [7, 13], [6, 13], [8, 13], [6, 12], [7, 12], [9, 13]]","[[7, 13], [7, 12], [6, 13], [5, 13], [6, 14], [7, 14], [7, 15], [5, 14], [4, 12], [4, 11]]","[[6, 8], [6, 9], [6, 10], [7, 8], [7, 9], [7, 10], [8, 8], [9, 7], [9, 8], [8, 7]]","[[12, 14], [12, 12], [12, 13], [11, 11], [12, 11], [11, 15], [12, 15], [11, 14], [11, 13], [11, 12]]"
2021-05-03 11:22:05+09:00,2021-05-03 11:19:11+09:00,3HJ1EVZS2PY8I51W2HKSZOCSS5LR34,30ZX6P7VFAA5MJKTGE2G27GZYI3J2S,A1HK9GI7D9QG0E,US,Submitted,2021-05-06 11:22:05+09:00,0:02:54,"[[10, 5], [11, 7], [11, 5], [10, 7], [9, 5], [8, 7], [8, 5], [6, 5], [7, 7], [7, 5]]","[[7, 11], [7, 10], [6, 10], [8, 11], [7, 12], [6, 12], [8, 10], [9, 10], [6, 13], [7, 13]]","[[3, 9], [3, 10], [2, 9], [2, 8], [3, 11], [2, 11], [2, 10], [4, 10], [4, 11], [4, 13]]","[[5, 7], [3, 8], [4, 7], [4, 8], [5, 8], [5, 10], [4, 10], [4, 9], [3, 11], [2, 12]]","[[4, 6], [4, 9], [2, 7], [3, 10], [9, 7], [10, 12], [10, 8], [8, 9], [11, 8], [11, 11]]"
2021-05-03 11:22:11+09:00,2021-05-03 11:20:14+09:00,3HJ1EVZS2PY8I51W2HKSZOCSS5LR34,31LVTDXBL9PSLTPEYPTUJU1ZEZOLRB,A1QKW8E5J7NAF2,US,Submitted,2021-05-06 11:22:11+09:00,0:01:57,"[[9, 4], [8, 4], [8, 5], [9, 5], [8, 6], [8, 7], [7, 7], [7, 6], [6, 6], [6, 7]]","[[8, 12], [8, 13], [7, 12], [7, 11], [8, 11], [6, 11], [6, 12], [6, 13], [7, 13], [5, 11]]","[[2, 11], [3, 11], [3, 12], [3, 10], [2, 10], [2, 9], [3, 9], [4, 10], [4, 11], [4, 9]]","[[4, 19], [4, 18], [3, 18], [3, 19], [2, 17], [3, 17], [1, 17], [1, 16], [2, 16], [2, 19]]","[[10, 8], [10, 7], [9, 3], [10, 3], [11, 4], [12, 5], [13, 7], [13, 9], [12, 12], [12, 14]]"
2021-05-03 11:22:21+09:00,2021-05-03 11:20:57+09:00,3HJ1EVZS2PY8I51W2HKSZOCSS5LR34,32XVDSJFP1CVNRQEJBF8IZ8G2CYM2Z,AIOOOO5OXWXKM,US,Submitted,2021-05-06 11:22:21+09:00,0:01:24,"[[9, 5], [9, 4], [8, 7], [8, 8], [7, 7], [7, 6], [8, 6], [8, 5], [8, 4], [7, 4]]","[[7, 11], [7, 12], [6, 12], [6, 11], [5, 12], [4, 12], [6, 13], [7, 13], [8, 12], [8, 11]]","[[4, 10], [3, 11], [4, 11], [3, 10], [3, 9], [4, 9], [2, 9], [2, 10], [2, 11], [1, 10]]","[[3, 18], [3, 19], [2, 19], [1, 19], [2, 18], [2, 17], [3, 17], [4, 18], [4, 17], [1, 17]]","[[13, 12], [12, 12], [11, 12], [11, 13], [10, 12], [10, 13], [9, 12], [10, 11], [11, 11], [12, 11]]"
2021-05-03 11:22:51+09:00,2021-05-03 11:19:58+09:00,3HJ1EVZS2PY8I51W2HKSZOCSS5LR34,3S96KQ6I9OJM3WEEPX010WUCTBJDT0,A1S8KMGKJACGVO,US,Submitted,2021-05-06 11:22:51+09:00,0:02:53,"[[9, 5], [9, 4], [8, 4], [8, 5], [8, 6], [8, 7], [8, 8], [7, 8], [7, 7], [7, 6]]","[[7, 10], [6, 11], [6, 12], [5, 12], [5, 11], [5, 13], [4, 12], [6, 13], [7, 13], [7, 12]]","[[4, 11], [3, 11], [3, 10], [4, 10], [2, 10], [2, 11], [3, 12], [4, 12], [3, 9], [2, 9]]","[[1, 14], [2, 14], [1, 15], [1, 16], [1, 17], [2, 17], [3, 17], [2, 18], [3, 18], [1, 18]]","[[7, 8], [6, 8], [6, 7], [7, 7], [6, 6], [7, 5], [6, 5], [7, 6], [6, 10], [7, 10]]"
2021-05-03 11:23:06+09:00,2021-05-03 11:19:27+09:00,3HJ1EVZS2PY8I51W2HKSZOCSS5LR34,32VNZTT0A9JWNLITSXUDXDZOSDTR4O,A36UD0YBRIWTVL,US,Submitted,2021-05-06 11:23:06+09:00,0:03:39,"[[8, 4], [8, 5], [8, 6], [7, 6], [7, 7], [8, 7], [8, 8], [9, 4], [9, 5], [6, 7]]","[[5, 11], [6, 10], [6, 12], [5, 12], [7, 12], [7, 10], [6, 11], [7, 11], [8, 12], [8, 11]]","[[2, 11], [2, 10], [2, 9], [3, 9], [3, 10], [4, 9], [4, 10], [1, 9], [3, 11], [4, 11]]","[[5, 9], [4, 9], [4, 8], [3, 10], [3, 9], [2, 11], [2, 12], [1, 13], [1, 14], [1, 15]]","[[8, 8], [7, 12], [7, 8], [6, 8], [5, 8], [6, 7], [6, 6], [7, 5], [7, 6], [6, 5]]"
2021-05-03 11:24:38+09:00,2021-05-03 11:21:45+09:00,3HJ1EVZS2PY8I51W2HKSZOCSS5LR34,373ERPL3YQNG46XJ7YVL5LBG8CARTK,A3ENQKD0V9VHBF,US,Submitted,2021-05-06 11:24:38+09:00,0:02:53,"[[8, 3], [8, 4], [8, 5], [8, 6], [7, 6], [7, 7], [8, 7], [9, 5], [6, 7], [9, 4]]","[[2, 11], [3, 11], [4, 11], [5, 11], [6, 11], [7, 12], [6, 12], [5, 12], [4, 12], [3, 12]]","[[4, 12], [5, 12], [4, 11], [3, 11], [2, 9], [3, 10], [4, 10], [3, 9], [2, 10], [2, 11]]","[[1, 15], [1, 14], [1, 16], [1, 17], [2, 17], [2, 18], [1, 18], [3, 18], [3, 17], [4, 18]]","[[10, 5], [11, 5], [11, 6], [10, 6], [10, 4], [11, 4], [12, 4], [12, 5], [12, 6], [11, 7]]"
2021-05-03 11:25:30+09:00,2021-05-03 11:23:23+09:00,3HJ1EVZS2PY8I51W2HKSZOCSS5LR34,3BXQMRHWK1D473ZG2VPEOI38L3IUMQ,AK2YUQUFZN1L6,US,Submitted,2021-05-06 11:25:30+09:00,0:02:07,"[[10, 3], [9, 3], [9, 4], [8, 5], [8, 6], [8, 7], [7, 7], [7, 6], [7, 5], [8, 4]]","[[8, 12], [7, 11], [7, 12], [6, 12], [6, 13], [5, 12], [5, 11], [4, 12], [7, 13], [8, 13]]","[[1, 12], [1, 11], [0, 9], [0, 10], [1, 10], [2, 12], [2, 11], [1, 9], [2, 8], [3, 8]]","[[5, 18], [6, 17], [6, 18], [4, 18], [3, 19], [7, 18], [7, 17], [7, 16], [8, 16], [8, 18]]","[[12, 9], [11, 8], [11, 9], [10, 8], [12, 7], [12, 8], [11, 7], [10, 7], [10, 10], [10, 9]]"
2021-05-03 11:26:31+09:00,2021-05-03 11:24:12+09:00,3HJ1EVZS2PY8I51W2HKSZOCSS5LR34,3ZV9H2YQQFMGDLGBRDZ0A7FZ6SD3WJ,A2MB8KB4VLGFEE,US,Submitted,2021-05-06 11:26:31+09:00,0:02:19,"[[7, 6], [7, 5], [8, 5], [8, 6], [9, 5], [8, 4], [9, 4], [9, 3], [8, 3], [7, 4]]","[[8, 11], [8, 12], [7, 11], [6, 11], [6, 12], [7, 12], [8, 13], [7, 13], [6, 13], [5, 13]]","[[7, 14], [7, 15], [6, 15], [6, 14], [5, 14], [5, 15], [4, 15], [4, 14], [4, 13], [4, 12]]","[[6, 10], [5, 10], [4, 10], [3, 11], [3, 12], [2, 12], [2, 11], [4, 11], [4, 12], [5, 12]]","[[9, 9], [9, 10], [8, 10], [8, 9], [7, 9], [7, 10], [7, 11], [8, 11], [9, 11], [9, 12]]"
2021-05-03 11:27:11+09:00,2021-05-03 11:25:18+09:00,3HJ1EVZS2PY8I51W2HKSZOCSS5LR34,3A1PQ49WVJW26S779AZHLBQFTKM1HP,A2M190GHL0QK5X,US,Submitted,2021-05-06 11:27:11+09:00,0:01:53,"[[8, 5], [9, 5], [9, 4], [8, 4], [8, 6], [9, 6], [8, 7], [9, 7], [7, 7], [6, 7]]","[[8, 13], [9, 13], [7, 12], [8, 12], [6, 12], [5, 12], [5, 13], [4, 12], [4, 13], [3, 12]]","[[5, 10], [4, 10], [3, 10], [3, 9], [2, 9], [2, 10], [2, 8], [3, 8], [4, 9], [3, 11]]","[[6, 9], [6, 8], [2, 13], [1, 13], [1, 14], [1, 15], [1, 16], [2, 17], [3, 18], [3, 17]]","[[6, 6], [6, 7], [5, 8], [6, 8], [7, 8], [7, 7], [12, 10], [13, 11], [12, 12], [12, 11]]"
2021-05-03 11:27:12+09:00,2021-05-03 11:25:51+09:00,3HJ1EVZS2PY8I51W2HKSZOCSS5LR34,3D4CH1LGEC86V1FRTHWSFHWXCWX9G7,A1PRRDIHIHTHJV,US,Submitted,2021-05-06 11:27:12+09:00,0:01:21,"[[8, 3], [7, 4], [8, 5], [9, 4], [8, 4], [6, 7], [6, 8], [6, 6], [7, 7], [9, 8]]","[[8, 12], [8, 14], [7, 13], [8, 13], [7, 14], [6, 13], [6, 14], [5, 12], [6, 12], [5, 11]]","[[5, 12], [3, 11], [2, 11], [3, 10], [3, 12], [4, 10], [4, 11], [2, 10], [2, 9], [3, 9]]","[[1, 16], [1, 14], [4, 18], [6, 18], [3, 12], [7, 18], [4, 11], [4, 9], [5, 10], [4, 10]]","[[8, 4], [7, 5], [6, 7], [7, 6], [7, 7], [6, 6], [6, 5], [7, 4], [8, 5], [8, 6]]"
2021-05-03 11:27:55+09:00,2021-05-03 11:26:19+09:00,3HJ1EVZS2PY8I51W2HKSZOCSS5LR34,33FBRBDW6QET0KGCM3UVPUG7UYNC8B,A37W0GRXSM04LX,US,Submitted,2021-05-06 11:27:55+09:00,0:01:36,"[[8, 3], [8, 4], [7, 4], [7, 5], [8, 5], [8, 6], [8, 7], [7, 7], [8, 8], [7, 6]]","[[8, 10], [7, 12], [6, 12], [5, 12], [4, 12], [3, 12], [6, 11], [7, 11], [8, 12], [7, 9]]","[[2, 11], [1, 11], [1, 12], [2, 12], [2, 13], [3, 13], [3, 14], [2, 14], [4, 15], [1, 10]]","[[10, 7], [7, 8], [5, 8], [4, 10], [2, 12], [1, 14], [1, 16], [2, 17], [1, 17], [6, 17]]","[[9, 10], [8, 10], [8, 9], [9, 9], [10, 9], [10, 10], [10, 11], [9, 11], [8, 11], [7, 11]]"
2021-05-03 11:28:15+09:00,2021-05-03 11:26:16+09:00,3HJ1EVZS2PY8I51W2HKSZOCSS5LR34,3W92K5RLWWW6CB3AFMIX32U5DF1V5Q,A2PJ9BRKDZ0AUE,US,Submitted,2021-05-06 11:28:15+09:00,0:01:59,"[[8, 6], [8, 5], [7, 5], [7, 6], [7, 4], [8, 4], [9, 4], [9, 5], [9, 6], [9, 7]]","[[5, 12], [6, 12], [5, 11], [4, 12], [6, 13], [4, 13], [5, 13], [6, 11], [4, 11], [5, 10]]","[[0, 14], [1, 14], [2, 14], [2, 13], [1, 13], [2, 12], [1, 11], [1, 10], [2, 11], [2, 10]]","[[3, 12], [2, 12], [2, 13], [1, 15], [1, 13], [2, 14], [2, 15], [1, 14], [1, 16], [2, 16]]","[[9, 6], [9, 5], [10, 6], [10, 7], [9, 7], [10, 5], [11, 6], [11, 8], [10, 8], [11, 7]]"
2021-05-03 11:29:00+09:00,2021-05-03 11:27:36+09:00,3HJ1EVZS2PY8I51W2HKSZOCSS5LR34,31N2WW6R9T5E2ZUG1OP06JTZBPNF3X,A2ZPSPA0R8KSL8,US,Submitted,2021-05-06 11:29:00+09:00,0:01:24,"[[7, 5], [8, 5], [8, 4], [9, 4], [9, 5], [7, 4], [7, 6], [8, 6], [9, 6], [9, 7]]","[[3, 12], [4, 12], [5, 12], [6, 12], [6, 13], [5, 13], [4, 13], [3, 13], [6, 11], [5, 11]]","[[4, 11], [4, 10], [3, 10], [2, 10], [3, 9], [4, 9], [2, 9], [1, 10], [2, 11], [3, 11]]","[[1, 17], [1, 16], [2, 17], [4, 17], [3, 17], [3, 18], [5, 18], [4, 18], [4, 19], [3, 19]]","[[8, 9], [9, 8], [10, 9], [9, 10], [7, 8], [8, 7], [9, 6], [10, 7], [11, 8], [12, 7]]"
2021-05-03 11:30:28+09:00,2021-05-03 11:26:13+09:00,3HJ1EVZS2PY8I51W2HKSZOCSS5LR34,3OS46CRSLHE2VF3OK5S2V8859AD6VI,A3MW1FSUZ4MMGE,US,Submitted,2021-05-06 11:30:28+09:00,0:04:15,"[[8, 6], [8, 5], [7, 6], [7, 7], [8, 7], [7, 5], [8, 4], [7, 4], [9, 4], [8, 8]]","[[10, 8], [9, 8], [8, 10], [7, 10], [7, 11], [6, 11], [6, 12], [7, 12], [8, 12], [8, 11]]","[[6, 13], [6, 12], [5, 12], [4, 11], [5, 11], [3, 11], [4, 12], [3, 12], [3, 13], [4, 13]]","[[3, 12], [1, 14], [1, 13], [2, 13], [1, 16], [2, 17], [1, 17], [3, 17], [6, 18], [7, 18]]","[[12, 10], [12, 11], [11, 11], [10, 11], [10, 10], [11, 10], [10, 9], [11, 9], [12, 9], [12, 12]]"
2021-05-03 11:31:42+09:00,2021-05-03 11:29:13+09:00,3HJ1EVZS2PY8I51W2HKSZOCSS5LR34,3FTYUGLFSW0KIU3OO1I3XGOYD8YD5A,A7WVKWZKY0IRD,US,Submitted,2021-05-06 11:31:42+09:00,0:02:29,"[[9, 5], [9, 4], [8, 4], [7, 6], [7, 7], [6, 7], [6, 6], [8, 7], [8, 6], [8, 5]]","[[8, 11], [9, 11], [9, 10], [10, 11], [10, 9], [8, 10], [8, 9], [8, 12], [7, 11], [7, 10]]","[[4, 13], [3, 13], [2, 12], [1, 12], [0, 12], [1, 11], [1, 10], [2, 10], [2, 8], [2, 9]]","[[9, 8], [8, 8], [8, 7], [7, 8], [6, 8], [5, 8], [6, 9], [4, 13], [3, 13], [3, 12]]","[[9, 8], [7, 11], [8, 8], [8, 7], [7, 7], [10, 9], [9, 9], [13, 12], [12, 10], [12, 9]]"
2021-05-03 11:32:33+09:00,2021-05-03 11:31:01+09:00,3HJ1EVZS2PY8I51W2HKSZOCSS5LR34,3WAKVUDHUYVLM0STYPNP506IQEO7UT,A1G7GSCKWC9UBC,US,Submitted,2021-05-06 11:32:33+09:00,0:01:32,"[[7, 6], [7, 7], [7, 8], [5, 7], [6, 7], [6, 6], [6, 8], [8, 7], [8, 6], [8, 8]]","[[8, 11], [8, 12], [7, 12], [7, 11], [7, 10], [6, 12], [6, 11], [5, 12], [5, 11], [4, 12]]","[[3, 12], [3, 13], [2, 12], [2, 11], [3, 11], [3, 10], [4, 10], [4, 11], [2, 10], [3, 9]]","[[1, 16], [1, 17], [2, 17], [3, 17], [3, 18], [2, 18], [1, 18], [4, 18], [4, 19], [3, 19]]","[[10, 7], [9, 7], [9, 6], [10, 6], [9, 5], [10, 5], [11, 5], [11, 7], [11, 6], [11, 4]]"
2021-05-03 11:32:57+09:00,2021-05-03 11:30:14+09:00,3HJ1EVZS2PY8I51W2HKSZOCSS5LR34,3QAPZX2QN6SYKDJ7U6SAK213Z9Y023,A3MTCZ7DF2VVW0,US,Submitted,2021-05-06 11:32:57+09:00,0:02:43,"[[6, 6], [6, 7], [7, 7], [7, 6], [8, 6], [8, 7], [8, 8], [7, 8], [6, 8], [9, 8]]","[[6, 12], [2, 11], [3, 12], [6, 13], [7, 12], [7, 13], [5, 12], [5, 13], [4, 12], [4, 13]]","[[2, 12], [3, 12], [3, 11], [2, 11], [2, 10], [3, 10], [4, 10], [3, 9], [2, 9], [4, 9]]","[[2, 19], [2, 20], [1, 19], [3, 18], [3, 19], [4, 19], [4, 18], [5, 18], [5, 19], [6, 18]]","[[9, 2], [9, 3], [8, 3], [10, 3], [10, 4], [9, 4], [8, 4], [7, 4], [7, 3], [11, 3]]"
2021-05-03 11:33:47+09:00,2021-05-03 11:30:41+09:00,3HJ1EVZS2PY8I51W2HKSZOCSS5LR34,3J2UYBXQQNRM2E28H84DAFIFFE006K,A23CKSG4LZJ17I,US,Submitted,2021-05-06 11:33:47+09:00,0:03:06,"[[9, 3], [8, 4], [8, 6], [8, 8], [7, 8], [7, 7], [8, 7], [9, 7], [9, 5], [9, 8]]","[[8, 12], [5, 10], [6, 12], [5, 12], [5, 11], [4, 12], [4, 11], [4, 13], [3, 12], [3, 13]]","[[3, 12], [3, 11], [2, 11], [3, 10], [4, 10], [4, 9], [3, 9], [4, 11], [2, 10], [2, 9]]","[[8, 8], [7, 8], [6, 9], [5, 10], [4, 10], [3, 10], [2, 11], [1, 12], [2, 13], [1, 13]]","[[7, 5], [8, 4], [9, 3], [10, 4], [11, 5], [7, 7], [8, 10], [10, 10], [11, 10], [12, 8]]"
2021-05-03 11:34:04+09:00,2021-05-03 11:32:26+09:00,3HJ1EVZS2PY8I51W2HKSZOCSS5LR34,3FTOP5WARH3YQ9HF1RY2JJNK1KK0JQ,A4158R4Y06ZB4,US,Submitted,2021-05-06 11:34:04+09:00,0:01:38,"[[7, 6], [7, 7], [8, 7], [8, 6], [8, 5], [7, 5], [8, 4], [9, 5], [8, 8], [9, 8]]","[[2, 11], [3, 12], [4, 12], [5, 12], [3, 11], [4, 11], [5, 11], [6, 12], [6, 13], [7, 13]]","[[6, 3], [6, 1], [6, 2], [5, 2], [7, 2], [7, 3], [9, 9], [10, 8], [9, 8], [9, 7]]","[[1, 17], [3, 17], [2, 18], [2, 17], [1, 16], [3, 18], [3, 19], [4, 19], [2, 19], [4, 18]]","[[9, 6], [9, 7], [9, 8], [9, 9], [9, 10], [9, 11], [8, 11], [8, 10], [8, 9], [8, 8]]"
2021-05-03 11:34:36+09:00,2021-05-03 11:32:29+09:00,3HJ1EVZS2PY8I51W2HKSZOCSS5LR34,3S96KQ6I9OJM3WEEPX010WUCTBKDT1,A2TGKSWC0AMK5G,US,Submitted,2021-05-06 11:34:36+09:00,0:02:07,"[[8, 3], [8, 4], [8, 5], [8, 6], [8, 7], [7, 7], [7, 6], [6, 7], [9, 3], [9, 4]]","[[6, 11], [7, 11], [7, 12], [6, 12], [5, 12], [4, 12], [4, 13], [5, 13], [5, 11], [4, 11]]","[[3, 10], [2, 10], [1, 10], [1, 11], [3, 11], [2, 11], [3, 9], [2, 9], [4, 10], [4, 11]]","[[4, 18], [3, 18], [3, 17], [2, 17], [1, 17], [2, 18], [1, 18], [2, 16], [1, 16], [4, 17]]","[[9, 9], [9, 8], [10, 8], [10, 9], [10, 7], [11, 7], [11, 8], [12, 7], [12, 6], [12, 5]]"
2021-05-03 11:35:53+09:00,2021-05-03 11:34:32+09:00,3HJ1EVZS2PY8I51W2HKSZOCSS5LR34,3IXQG4FA2VDA4K7GDV4EE650WJ5B9S,A25EVN04BC2KJ6,US,Submitted,2021-05-06 11:35:53+09:00,0:01:21,"[[8, 3], [8, 4], [7, 5], [8, 5], [8, 6], [7, 6], [7, 7], [8, 7], [8, 8], [9, 4]]","[[8, 13], [7, 13], [7, 12], [6, 12], [5, 12], [5, 11], [4, 11], [8, 11], [7, 11], [4, 12]]","[[1, 10], [2, 10], [2, 9], [1, 9], [3, 9], [3, 8], [3, 10], [3, 11], [4, 10], [4, 11]]","[[2, 11], [3, 11], [3, 12], [2, 12], [2, 13], [4, 18], [5, 18], [7, 18], [6, 17], [6, 18]]","[[3, 6], [2, 7], [4, 8], [9, 7], [9, 12], [9, 8], [8, 8], [8, 7], [7, 7], [7, 5]]"
2021-05-03 11:36:01+09:00,2021-05-03 11:34:34+09:00,3HJ1EVZS2PY8I51W2HKSZOCSS5LR34,3YMU66OBIPNZA7XARTKKSYULV95GH4,A113XPG6TXPMO2,US,Submitted,2021-05-06 11:36:01+09:00,0:01:27,"[[8, 3], [8, 5], [9, 4], [8, 4], [8, 6], [7, 7], [9, 6], [8, 7], [9, 7], [8, 8]]","[[8, 13], [7, 11], [8, 12], [9, 12], [9, 13], [8, 14], [9, 14], [6, 12], [5, 12], [4, 12]]","[[7, 15], [7, 16], [7, 14], [6, 14], [6, 15], [6, 16], [5, 16], [5, 15], [5, 14], [5, 13]]","[[2, 12], [3, 11], [4, 10], [4, 8], [1, 15], [2, 18], [4, 17], [6, 17], [7, 17], [9, 18]]","[[6, 6], [7, 5], [8, 4], [9, 7], [8, 7], [8, 11], [7, 8], [6, 8], [7, 7], [8, 6]]"
2021-05-03 11:38:01+09:00,2021-05-03 11:35:58+09:00,3HJ1EVZS2PY8I51W2HKSZOCSS5LR34,369J354OFFPJDIDTVATGV75VMVP6GT,A19V3A2N7GWL77,US,Submitted,2021-05-06 11:38:01+09:00,0:02:03,"[[7, 4], [8, 4], [9, 4], [9, 5], [8, 5], [7, 5], [9, 6], [8, 6], [7, 6], [9, 7]]","[[7, 11], [7, 9], [7, 10], [6, 10], [6, 8], [6, 9], [7, 8], [5, 9], [5, 10], [7, 12]]","[[5, 13], [3, 13], [2, 12], [2, 11], [3, 12], [4, 13], [4, 14], [3, 14], [2, 14], [2, 13]]","[[8, 12], [8, 11], [8, 9], [7, 8], [8, 7], [7, 9], [6, 9], [6, 8], [5, 9], [5, 11]]","[[9, 10], [10, 8], [9, 9], [10, 11], [8, 11], [8, 9], [9, 7], [10, 6], [9, 8], [8, 10]]"
2021-05-03 11:38:21+09:00,2021-05-03 11:36:55+09:00,3HJ1EVZS2PY8I51W2HKSZOCSS5LR34,3SPJ033423IVN4D09Z9BBBH4DXZJYA,A1BZNPQ0H7ZSER,US,Submitted,2021-05-06 11:38:21+09:00,0:01:26,"[[10, 4], [9, 4], [9, 3], [8, 3], [8, 4], [8, 6], [8, 5], [7, 5], [7, 6], [7, 7]]","[[6, 13], [6, 12], [5, 12], [5, 13], [4, 13], [4, 12], [3, 12], [7, 13], [7, 12], [8, 13]]","[[1, 11], [2, 11], [2, 10], [3, 10], [4, 10], [4, 11], [3, 11], [1, 10], [1, 9], [2, 9]]","[[2, 16], [1, 16], [1, 17], [2, 17], [1, 18], [2, 18], [3, 18], [3, 17], [1, 15], [2, 15]]","[[6, 7], [6, 8], [6, 9], [6, 10], [5, 9], [5, 8], [7, 7], [7, 8], [7, 9], [6, 6]]"
2021-05-03 11:39:28+09:00,2021-05-03 11:37:47+09:00,3HJ1EVZS2PY8I51W2HKSZOCSS5LR34,3L0KT67Y8GVOM7WQWTIP3C8R9GCSYZ,A259AXODQQ0WUJ,US,Submitted,2021-05-06 11:39:28+09:00,0:01:41,"[[8, 4], [8, 5], [8, 6], [8, 7], [8, 8], [7, 8], [7, 7], [7, 6], [6, 7], [6, 8]]","[[6, 12], [5, 12], [4, 12], [3, 12], [7, 12], [7, 11], [7, 13], [6, 13], [6, 11], [4, 13]]","[[1, 11], [2, 11], [3, 11], [3, 10], [2, 10], [3, 9], [2, 9], [4, 10], [4, 11], [3, 12]]","[[2, 11], [1, 15], [1, 16], [1, 17], [2, 17], [2, 18], [1, 18], [3, 18], [3, 17], [4, 18]]","[[6, 7], [6, 6], [7, 6], [7, 7], [7, 8], [6, 8], [6, 5], [7, 5], [7, 4], [8, 4]]"
2021-05-03 11:46:42+09:00,2021-05-03 11:44:36+09:00,3HJ1EVZS2PY8I51W2HKSZOCSS5LR34,3R3YRB5GRHI352QR5SZ9FR88RMUUA7,A39HRVAJ5ISRL7,US,Submitted,2021-05-06 11:46:42+09:00,0:02:06,"[[8, 4], [8, 5], [9, 5], [8, 6], [8, 7], [7, 7], [7, 6], [8, 8], [9, 4], [6, 7]]","[[7, 13], [7, 12], [6, 13], [6, 12], [7, 14], [8, 13], [8, 14], [9, 13], [8, 12], [8, 11]]","[[5, 14], [4, 12], [4, 11], [3, 11], [3, 10], [3, 9], [4, 10], [2, 10], [2, 9], [3, 12]]","[[7, 10], [1, 17], [2, 17], [2, 18], [2, 15], [1, 15], [1, 16], [2, 16], [2, 14], [1, 14]]","[[9, 15], [8, 11], [9, 10], [8, 10], [9, 11], [9, 9], [9, 8], [8, 8], [8, 9], [10, 10]]"
2021-05-03 11:47:12+09:00,2021-05-03 11:45:34+09:00,3HJ1EVZS2PY8I51W2HKSZOCSS5LR34,31T4R4OBOUVP06BTCY2PBUKCJEI7CK,ADI9WQP6XAJR,US,Submitted,2021-05-06 11:47:12+09:00,0:01:38,"[[7, 3], [8, 3], [8, 4], [8, 5], [9, 5], [9, 4], [9, 3], [9, 6], [8, 6], [8, 7]]","[[6, 11], [6, 12], [5, 11], [4, 11], [5, 10], [3, 11], [1, 11], [2, 11], [3, 12], [6, 13]]","[[6, 2], [6, 3], [7, 2], [5, 2], [6, 1], [3, 10], [3, 9], [4, 10], [3, 11], [4, 11]]","[[2, 12], [3, 10], [1, 13], [1, 16], [2, 17], [1, 17], [2, 18], [1, 18], [3, 18], [3, 17]]","[[6, 6], [7, 5], [7, 6], [8, 4], [8, 5], [8, 6], [7, 4], [8, 3], [9, 3], [9, 4]]"
2021-05-03 11:47:25+09:00,2021-05-03 11:45:35+09:00,3HJ1EVZS2PY8I51W2HKSZOCSS5LR34,3OF2M9AATI3Q3ETNN6B6QXQJYG3ZKG,A1RO1HA4SAH1OQ,US,Submitted,2021-05-06 11:47:25+09:00,0:01:50,"[[5, 9], [4, 8], [4, 9], [3, 8], [3, 10], [3, 9], [5, 8], [6, 8], [6, 10], [6, 11]]","[[6, 11], [5, 11], [4, 11], [4, 10], [5, 10], [6, 10], [6, 12], [7, 12], [8, 12], [8, 10]]","[[4, 6], [5, 7], [5, 6], [4, 7], [3, 7], [3, 8], [5, 8], [4, 8], [3, 9], [3, 10]]","[[4, 9], [4, 10], [3, 10], [3, 11], [3, 12], [2, 12], [2, 11], [4, 11], [4, 12], [5, 12]]","[[7, 10], [8, 10], [7, 11], [8, 11], [8, 12], [7, 12], [7, 14], [7, 13], [8, 13], [9, 14]]"
2021-05-03 11:47:40+09:00,2021-05-03 11:43:59+09:00,3HJ1EVZS2PY8I51W2HKSZOCSS5LR34,3DY46V3X3RXPEHOV9V0KZ4060R155V,A1MAAPY9K1G1YR,US,Submitted,2021-05-06 11:47:40+09:00,0:03:41,"[[8, 6], [7, 6], [8, 5], [8, 7], [7, 7], [6, 7], [6, 8], [7, 8], [8, 8], [9, 7]]","[[8, 13], [6, 12], [5, 12], [4, 12], [4, 11], [4, 13], [5, 13], [6, 13], [7, 13], [7, 12]]","[[6, 11], [5, 12], [5, 13], [4, 13], [4, 12], [3, 12], [3, 11], [2, 11], [2, 10], [3, 10]]","[[1, 16], [2, 17], [1, 17], [3, 17], [3, 18], [2, 18], [1, 18], [4, 18], [4, 17], [2, 19]]","[[12, 5], [11, 5], [10, 6], [11, 6], [11, 7], [10, 7], [9, 8], [12, 6], [12, 7], [10, 8]]"
2021-05-03 11:54:17+09:00,2021-05-03 11:52:50+09:00,3HJ1EVZS2PY8I51W2HKSZOCSS5LR34,3EFVCAY5L5OG8YMIWVBHCYT2KIXJ8X,A45HNDMV9V0NA,US,Submitted,2021-05-06 11:54:17+09:00,0:01:27,"[[7, 7], [6, 7], [6, 8], [6, 6], [8, 6], [8, 7], [8, 5], [8, 4], [8, 8], [7, 4]]","[[8, 11], [8, 12], [7, 12], [5, 12], [4, 13], [4, 12], [6, 12], [6, 13], [5, 13], [9, 13]]","[[3, 12], [2, 13], [2, 12], [2, 11], [1, 11], [1, 10], [2, 10], [2, 9], [3, 10], [4, 9]]","[[1, 16], [2, 17], [3, 17], [3, 18], [4, 18], [2, 18], [2, 13], [4, 11], [7, 8], [6, 11]]","[[7, 7], [7, 12], [10, 9], [8, 14], [9, 12], [12, 9], [10, 7], [9, 10], [8, 9], [7, 10]]"
2021-05-03 11:59:23+09:00,2021-05-03 11:57:59+09:00,3HJ1EVZS2PY8I51W2HKSZOCSS5LR34,3A1COHJ8NLAKHSRS8V8W0LDN7QU8HI,AFO7ZJO279E57,US,Submitted,2021-05-06 11:59:23+09:00,0:01:24,"[[9, 4], [7, 8], [7, 9], [8, 4], [8, 5], [8, 6], [8, 7], [8, 8], [9, 8], [10, 6]]","[[8, 12], [9, 14], [9, 13], [8, 13], [6, 13], [10, 15], [9, 15], [11, 15], [11, 13], [10, 14]]","[[6, 9], [4, 9], [3, 12], [3, 13], [5, 15], [6, 15], [7, 14], [5, 14], [3, 15], [1, 13]]","[[9, 7], [6, 8], [1, 14], [6, 11], [3, 12], [4, 18], [7, 18], [6, 18], [7, 16], [9, 18]]","[[10, 6], [9, 11], [10, 8], [11, 8], [12, 13], [12, 10], [9, 9], [7, 8], [12, 9], [8, 11]]"
2021-05-03 12:02:14+09:00,2021-05-03 12:00:22+09:00,3HJ1EVZS2PY8I51W2HKSZOCSS5LR34,3HQUKB7LNHTDA3SLBZ22DY6MA9KHH6,A3166KCB9J9NK6,US,Submitted,2021-05-06 12:02:14+09:00,0:01:52,"[[5, 6], [4, 8], [7, 7], [5, 8], [6, 10], [7, 8], [6, 8], [7, 9], [7, 10], [4, 10]]","[[7, 7], [8, 6], [9, 7], [7, 8], [7, 10], [9, 9], [8, 11], [7, 12], [7, 11], [8, 12]]","[[5, 7], [6, 5], [5, 5], [5, 6], [6, 6], [6, 8], [7, 7], [7, 6], [6, 7], [7, 8]]","[[5, 10], [7, 11], [5, 11], [6, 10], [7, 10], [7, 12], [6, 13], [5, 12], [6, 11], [6, 12]]","[[7, 7], [9, 7], [7, 9], [9, 9], [8, 8], [8, 11], [10, 10], [10, 13], [8, 13], [8, 12]]"
2021-05-03 12:02:57+09:00,2021-05-03 12:01:16+09:00,3HJ1EVZS2PY8I51W2HKSZOCSS5LR34,3LRKMWOKB7WVMYPXY052Q14PHGJZ2W,A1OGY1FRX8HZ1W,US,Submitted,2021-05-06 12:02:57+09:00,0:01:41,"[[5, 12], [5, 11], [5, 8], [5, 9], [6, 9], [7, 8], [7, 9], [7, 7], [7, 6], [6, 6]]","[[4, 11], [3, 11], [3, 10], [4, 10], [2, 11], [6, 11], [7, 12], [6, 13], [5, 13], [5, 12]]","[[6, 3], [6, 2], [6, 1], [3, 10], [4, 10], [4, 11], [3, 11], [2, 10], [2, 11], [2, 9]]","[[2, 17], [2, 16], [1, 17], [1, 16], [1, 15], [2, 14], [2, 15], [1, 14], [1, 18], [2, 18]]","[[9, 3], [8, 5], [10, 7], [13, 12], [12, 12], [11, 12], [10, 12], [10, 11], [11, 11], [12, 11]]"
2021-05-03 12:03:17+09:00,2021-05-03 12:01:30+09:00,3HJ1EVZS2PY8I51W2HKSZOCSS5LR34,3EF8EXOTT3AYXY2XXA22XO6U6CT1JX,ASCBKU2SM61JU,US,Submitted,2021-05-06 12:03:17+09:00,0:01:47,"[[6, 4], [5, 4], [6, 3], [7, 3], [7, 5], [8, 5], [8, 4], [8, 7], [8, 6], [7, 7]]","[[2, 11], [3, 11], [5, 12], [6, 12], [6, 13], [4, 12], [3, 12], [6, 14], [5, 13], [4, 11]]","[[2, 9], [2, 10], [3, 10], [3, 9], [1, 10], [2, 11], [3, 11], [4, 11], [4, 10], [4, 12]]","[[9, 11], [7, 8], [7, 9], [6, 9], [6, 10], [6, 11], [6, 12], [5, 12], [5, 10], [4, 12]]","[[8, 5], [8, 6], [8, 7], [8, 8], [7, 8], [7, 6], [7, 5], [6, 5], [5, 6], [6, 6]]"
2021-05-03 12:04:01+09:00,2021-05-03 12:02:49+09:00,3HJ1EVZS2PY8I51W2HKSZOCSS5LR34,37TD41K0AJOBJ4VL01006LG86SWSCT,A36ADZHZFFDEQA,US,Submitted,2021-05-06 12:04:01+09:00,0:01:12,"[[8, 5], [8, 6], [8, 7], [7, 6], [7, 7], [7, 5], [8, 4], [7, 4], [6, 7], [8, 8]]","[[8, 13], [8, 12], [8, 11], [8, 10], [7, 11], [7, 13], [6, 13], [6, 12], [5, 12], [4, 12]]","[[5, 14], [4, 13], [4, 14], [3, 14], [3, 13], [3, 12], [4, 12], [4, 11], [3, 11], [3, 10]]","[[2, 13], [1, 13], [1, 14], [1, 15], [2, 14], [1, 16], [2, 15], [2, 16], [2, 12], [3, 12]]","[[7, 6], [8, 5], [7, 5], [8, 4], [9, 5], [9, 6], [8, 6], [10, 7], [10, 6], [9, 7]]"
2021-05-03 12:04:27+09:00,2021-05-03 12:02:38+09:00,3HJ1EVZS2PY8I51W2HKSZOCSS5LR34,3VZLGYJEYNPWNESUMPQVGRYLUPKZX7,A2LEBJWW395FST,US,Submitted,2021-05-06 12:04:27+09:00,0:01:49,"[[8, 4], [8, 5], [8, 6], [8, 7], [8, 8], [7, 8], [7, 7], [7, 6], [6, 7], [9, 5]]","[[8, 12], [8, 13], [7, 13], [7, 12], [7, 11], [8, 11], [6, 11], [6, 13], [6, 12], [5, 12]]","[[3, 11], [3, 12], [4, 11], [4, 12], [4, 10], [3, 10], [3, 9], [4, 9], [2, 9], [2, 10]]","[[5, 8], [5, 9], [5, 10], [1, 17], [2, 17], [2, 18], [3, 17], [3, 18], [3, 19], [2, 19]]","[[8, 4], [9, 4], [9, 3], [8, 3], [7, 4], [7, 5], [8, 5], [9, 5], [10, 4], [10, 3]]"
2021-05-03 12:09:31+09:00,2021-05-03 12:06:26+09:00,3HJ1EVZS2PY8I51W2HKSZOCSS5LR34,3ND9UOO81MHXTP60XJ306T9G6E7LWI,A1IEYSF6N6ELI6,US,Submitted,2021-05-06 12:09:31+09:00,0:03:05,"[[5, 9], [5, 11], [5, 8], [4, 8], [4, 9], [4, 10], [3, 10], [4, 7], [5, 6], [7, 5]]","[[9, 12], [7, 11], [7, 12], [8, 13], [9, 11], [5, 14], [5, 12], [5, 11], [3, 13], [4, 11]]","[[2, 10], [2, 11], [1, 10], [3, 11], [2, 12], [3, 12], [2, 13], [3, 13], [3, 10], [2, 9]]","[[6, 9], [6, 12], [5, 10], [4, 12], [3, 10], [3, 9], [3, 7], [6, 7], [5, 8], [5, 6]]","[[5, 12], [8, 8], [10, 13], [11, 8], [8, 3], [6, 10], [9, 13], [9, 8], [9, 10], [9, 9]]"
2021-05-03 12:19:39+09:00,2021-05-03 12:17:05+09:00,3HJ1EVZS2PY8I51W2HKSZOCSS5LR34,35H6S234SCFLXLO9EEAPRAE6WMG56F,A1SJRFJWFXSDH4,US,Submitted,2021-05-06 12:19:39+09:00,0:02:34,"[[4, 2], [5, 4], [4, 4], [5, 5], [8, 5], [7, 8], [8, 7], [7, 7], [4, 10], [5, 9]]","[[2, 11], [3, 11], [5, 12], [6, 11], [5, 11], [6, 12], [6, 13], [5, 13], [10, 13], [10, 11]]","[[7, 9], [4, 5], [8, 5], [8, 4], [7, 8], [6, 8], [5, 4], [5, 3], [6, 2], [6, 1]]","[[10, 4], [8, 8], [7, 8], [5, 10], [4, 11], [3, 12], [4, 13], [3, 13], [5, 14], [6, 13]]","[[7, 8], [8, 9], [9, 14], [10, 12], [9, 11], [9, 9], [4, 9], [4, 8], [3, 7], [2, 7]]"
